Case,CheckId,Severity,Status,Value,Limit,Message
CAMPAIGN,manifest_extra_directories,HARD,PASS,"","none","Unexpected directories can contaminate an automatically discovered summary."
Grid_G18x26,end_mat_exists,HARD,PASS,"source_states_parametric/Grid_G18x26/end.mat","existing end.mat","Final result exists."
Grid_G18x26,top_level_variables,HARD,PASS,"","mesh,physics,solver,dt,tvec,results,n_max,tmax","Required saved variables."
Grid_G18x26,saved_controls,HARD,PASS,"dt0=30,nMax=260,tmax=1728000","30 s, 260, 20 days","Campaign controls match the declared run."
Grid_G18x26,time_finite,HARD,PASS,"0","0","No nonfinite saved time."
Grid_G18x26,time_strictly_increasing,HARD,PASS,"n=253,minDt=30","t(1)=0 and diff(t)>0","Time vector is complete and ordered."
Grid_G18x26,time_schedule,HARD,PASS,"points=253,maxError=0","253 points, <=1e-8 s","Reconstructed adaptive schedule must match the saved vector."
Grid_G18x26,time_coverage,HARD,PASS,"20.063120495389761","(20,20.25] days","main_seal terminates after the first step beyond tmax."
Grid_G18x26,physics_time_alignment,HARD,PASS,"physics.time=1733453.61080168,physics.dt=21600","1733453.61080168,21600","Saved physics and reporting times agree."
Grid_G18x26,mesh_manifest,HARD,PASS,"elements=468,uniqueNodes=37x53","468,37x53","Actual Q9 mesh matches the case name."
Grid_G18x26,mesh_finite,HARD,PASS,"nodes=1961,areaMin=1.75e-05","finite nodes and positive measures","Mesh geometry is usable."
Grid_G18x26,required_models,HARD,PASS,"SealPhaseFieldDamage,FluidDiffusion,ContactPenalty,ContactPenalty,ContactPenalty,PressureLoad,AgingDegradation,FatigueDamage,Constrainer,Constrainer,Constrainer,LeakagePostProcessor","phase, aging, FatigueDamage at model 8","Post-processing model contract."
Grid_G18x26,model_manifest,HARD,PASS,"l=0.3mm,P=21MPa,T=80C,f=0.05Hz","0.3,21,80,0.05","Saved model parameters match the canonical manifest."
Grid_G18x26,scientific_calibration,HARD,PASS,"W0=6e+07,beta=2,base=1e-06,cap=1e-05,mP=1.2,Pref=2.1e+07,kmin=0.005","6e7,2,1e-6,1e-5,1.2,21e6,0.005 and normalized phase weights","The saved run uses the declared scientifically corrected calibration."
Grid_G18x26,state_finite,HARD,PASS,"0","0","StateVec and StateVec_Old contain no NaN/Inf."
Grid_G18x26,state_committed,HARD,PASS,"0","relative 1e-10","Final StateVec equals its committed copy."
Grid_G18x26,history_field,HARD,PASS,"min=0,max=40637.7","finite and >=0","Phase history field is physically admissible."
Grid_G18x26,solver_log_finite,HARD,PASS,"[1012 4 2]","nonempty and finite","The current solver throws before end.mat on nonconvergence."
Grid_G18x26,result_fields,HARD,PASS,"","CL_avg,CL_max,LFrac,degradation_connected,phi_avg,phi_p99,alpha_p99,Df_p99,screening_index,alpha_avg,alpha_max,Df_max,totalCycles,leakage_Q,leakage_Q_poiseuille,leakage_kmax,leakage_aperture_max,leakage_path_cost,leakage_path_mean_aperture,leakage_path_min_aperture,leakage_connected,leakage_failed_darcy,leakage_failed_poiseuille,contactPressureMean,contactClosureMean,contact_top_mean,contact_bottom_mean,contact_right_mean,contact_top_max,contact_bottom_max,contact_right_max,Q_allow,leakage_time_darcy,leakage_time_poiseuille","Required time histories."
Grid_G18x26,result_vector_lengths,HARD,PASS,"253","all vector fields equal numel(tvec)","No truncated/misaligned history."
Grid_G18x26,result_finite_whitelist,HARD,PASS,"","all except declared sentinels","Only path-cost +Inf and not-crossed time NaN are allowed."
Grid_G18x26,leakage_path_cost_sentinel,HARD,PASS,"+Inf=1,finite=252","finite >=0 or +Inf","+Inf denotes no finite initial path; NaN/-Inf are invalid."
Grid_G18x26,leakage_time_darcy_sentinel,HARD,PASS,"crossing=none,flag=0,time=NaN","NaN iff threshold is never crossed","Failure time semantics."
Grid_G18x26,leakage_time_poiseuille_sentinel,HARD,PASS,"crossing=none,flag=0,time=NaN","NaN iff threshold is never crossed","Failure time semantics."
Grid_G18x26,reported_normalized_bounds,HARD,PASS,"[0,0.866323]","[0,1]","Reported physical metrics are bounded."
Grid_G18x26,reported_metric_hierarchy,HARD,PASS,"avg/P99/max","ordered","Basic summary statistics are internally consistent."
Grid_G18x26,screening_identity,HARD,PASS,"0","<=1e-12","I_S=max(phi_P99,alpha_P99,Df_P99)."
Grid_G18x26,fatigue_ip_bounds,HARD,PASS,"[0.0826869783295593,0.866322790559305]","[0,1]","Physical fatigue bounds use integration points, not overshooting nodal projection."
Grid_G18x26,fatigue_trial_committed,HARD,PASS,"0","<=1e-12","Final trial history was committed exactly once."
Grid_G18x26,fatigue_ip_shape,HARD,PASS,"[468 9]","[468 9]","Every integration point is represented."
Grid_G18x26,clean_initial_history,HARD,PASS,"N=0,DfMax=0,DfP99=0,I=0","all zero","Rejects a contaminated restart/history at t=0."
Grid_G18x26,cycles_equal_frequency_time,HARD,PASS,"7.2759576141834259e-12","<=8.66727e-05","N=f*t proves one Timedep commit per saved physical step."
Grid_G18x26,cycles_model_result_alignment,HARD,PASS,"0","<=8.66727e-05","Model and reporting histories agree."
Grid_G18x26,fatigue_monotonicity,HARD,PASS,"min dN=1.5,min dMax=1.46927e-06,min dP99=1.44539e-06","all >=-1e-12","Committed fatigue cannot heal."
Grid_G18x26,fatigue_per_cycle_cap,HARD,PASS,"global=0,step=3.29597e-17","<=1e-10","Detects repeated within-step accumulation despite a capped dD/dN."
Grid_G18x26,fatigue_result_endpoint,HARD,PASS,"maxErr=0,p99Err=0","<=1e-12","Reported terminal fatigue is recomputed from committed IP history."
Grid_G18x26,nonnegative_physical_outputs,HARD,PASS,"0",">=-1e-14","Leakage/contact measures cannot be negative."
Grid_G18x26,degradation_extent_bounds,HARD,PASS,"[0,0]","[0,0.0035]","Connected extent stays inside the seal."
Grid_G18x26,aging_monotonicity,REVIEW,PASS,"0",">=-1e-8","Scientific trend check, not a completion invariant."
Grid_G18x26,phase_percentile_monotonicity,REVIEW,PASS,"0",">=-1e-8","Large decreases require an irreversibility review."
Grid_G18x26,screening_monotonicity,REVIEW,PASS,"0",">=-1e-8","The maximum of irreversible components should not materially decrease."
Grid_G28x40,end_mat_exists,HARD,PASS,"source_states_parametric/Grid_G28x40/end.mat","existing end.mat","Final result exists."
Grid_G28x40,top_level_variables,HARD,PASS,"","mesh,physics,solver,dt,tvec,results,n_max,tmax","Required saved variables."
Grid_G28x40,saved_controls,HARD,PASS,"dt0=30,nMax=260,tmax=1728000","30 s, 260, 20 days","Campaign controls match the declared run."
Grid_G28x40,time_finite,HARD,PASS,"0","0","No nonfinite saved time."
Grid_G28x40,time_strictly_increasing,HARD,PASS,"n=253,minDt=30","t(1)=0 and diff(t)>0","Time vector is complete and ordered."
Grid_G28x40,time_schedule,HARD,PASS,"points=253,maxError=0","253 points, <=1e-8 s","Reconstructed adaptive schedule must match the saved vector."
Grid_G28x40,time_coverage,HARD,PASS,"20.063120495389761","(20,20.25] days","main_seal terminates after the first step beyond tmax."
Grid_G28x40,physics_time_alignment,HARD,PASS,"physics.time=1733453.61080168,physics.dt=21600","1733453.61080168,21600","Saved physics and reporting times agree."
Grid_G28x40,mesh_manifest,HARD,PASS,"elements=1120,uniqueNodes=57x81","1120,57x81","Actual Q9 mesh matches the case name."
Grid_G28x40,mesh_finite,HARD,PASS,"nodes=4617,areaMin=1.75e-05","finite nodes and positive measures","Mesh geometry is usable."
Grid_G28x40,required_models,HARD,PASS,"SealPhaseFieldDamage,FluidDiffusion,ContactPenalty,ContactPenalty,ContactPenalty,PressureLoad,AgingDegradation,FatigueDamage,Constrainer,Constrainer,Constrainer,LeakagePostProcessor","phase, aging, FatigueDamage at model 8","Post-processing model contract."
Grid_G28x40,model_manifest,HARD,PASS,"l=0.3mm,P=21MPa,T=80C,f=0.05Hz","0.3,21,80,0.05","Saved model parameters match the canonical manifest."
Grid_G28x40,scientific_calibration,HARD,PASS,"W0=6e+07,beta=2,base=1e-06,cap=1e-05,mP=1.2,Pref=2.1e+07,kmin=0.005","6e7,2,1e-6,1e-5,1.2,21e6,0.005 and normalized phase weights","The saved run uses the declared scientifically corrected calibration."
Grid_G28x40,state_finite,HARD,PASS,"0","0","StateVec and StateVec_Old contain no NaN/Inf."
Grid_G28x40,state_committed,HARD,PASS,"0","relative 1e-10","Final StateVec equals its committed copy."
Grid_G28x40,history_field,HARD,PASS,"min=0,max=40438.3","finite and >=0","Phase history field is physically admissible."
Grid_G28x40,solver_log_finite,HARD,PASS,"[1012 4 2]","nonempty and finite","The current solver throws before end.mat on nonconvergence."
Grid_G28x40,result_fields,HARD,PASS,"","CL_avg,CL_max,LFrac,degradation_connected,phi_avg,phi_p99,alpha_p99,Df_p99,screening_index,alpha_avg,alpha_max,Df_max,totalCycles,leakage_Q,leakage_Q_poiseuille,leakage_kmax,leakage_aperture_max,leakage_path_cost,leakage_path_mean_aperture,leakage_path_min_aperture,leakage_connected,leakage_failed_darcy,leakage_failed_poiseuille,contactPressureMean,contactClosureMean,contact_top_mean,contact_bottom_mean,contact_right_mean,contact_top_max,contact_bottom_max,contact_right_max,Q_allow,leakage_time_darcy,leakage_time_poiseuille","Required time histories."
Grid_G28x40,result_vector_lengths,HARD,PASS,"253","all vector fields equal numel(tvec)","No truncated/misaligned history."
Grid_G28x40,result_finite_whitelist,HARD,PASS,"","all except declared sentinels","Only path-cost +Inf and not-crossed time NaN are allowed."
Grid_G28x40,leakage_path_cost_sentinel,HARD,PASS,"+Inf=1,finite=252","finite >=0 or +Inf","+Inf denotes no finite initial path; NaN/-Inf are invalid."
Grid_G28x40,leakage_time_darcy_sentinel,HARD,PASS,"crossing=none,flag=0,time=NaN","NaN iff threshold is never crossed","Failure time semantics."
Grid_G28x40,leakage_time_poiseuille_sentinel,HARD,PASS,"crossing=none,flag=0,time=NaN","NaN iff threshold is never crossed","Failure time semantics."
Grid_G28x40,reported_normalized_bounds,HARD,PASS,"[0,0.866417]","[0,1]","Reported physical metrics are bounded."
Grid_G28x40,reported_metric_hierarchy,HARD,PASS,"avg/P99/max","ordered","Basic summary statistics are internally consistent."
Grid_G28x40,screening_identity,HARD,PASS,"0","<=1e-12","I_S=max(phi_P99,alpha_P99,Df_P99)."
Grid_G28x40,fatigue_ip_bounds,HARD,PASS,"[0.0826834663236398,0.866416821092339]","[0,1]","Physical fatigue bounds use integration points, not overshooting nodal projection."
Grid_G28x40,fatigue_trial_committed,HARD,PASS,"0","<=1e-12","Final trial history was committed exactly once."
Grid_G28x40,fatigue_ip_shape,HARD,PASS,"[1120 9]","[1120 9]","Every integration point is represented."
Grid_G28x40,clean_initial_history,HARD,PASS,"N=0,DfMax=0,DfP99=0,I=0","all zero","Rejects a contaminated restart/history at t=0."
Grid_G28x40,cycles_equal_frequency_time,HARD,PASS,"7.2759576141834259e-12","<=8.66727e-05","N=f*t proves one Timedep commit per saved physical step."
Grid_G28x40,cycles_model_result_alignment,HARD,PASS,"0","<=8.66727e-05","Model and reporting histories agree."
Grid_G28x40,fatigue_monotonicity,HARD,PASS,"min dN=1.5,min dMax=1.4779e-06,min dP99=1.4449e-06","all >=-1e-12","Committed fatigue cannot heal."
Grid_G28x40,fatigue_per_cycle_cap,HARD,PASS,"global=0,step=3.1225e-17","<=1e-10","Detects repeated within-step accumulation despite a capped dD/dN."
Grid_G28x40,fatigue_result_endpoint,HARD,PASS,"maxErr=0,p99Err=0","<=1e-12","Reported terminal fatigue is recomputed from committed IP history."
Grid_G28x40,nonnegative_physical_outputs,HARD,PASS,"0",">=-1e-14","Leakage/contact measures cannot be negative."
Grid_G28x40,degradation_extent_bounds,HARD,PASS,"[0,0]","[0,0.0035]","Connected extent stays inside the seal."
Grid_G28x40,aging_monotonicity,REVIEW,PASS,"0",">=-1e-8","Scientific trend check, not a completion invariant."
Grid_G28x40,phase_percentile_monotonicity,REVIEW,PASS,"0",">=-1e-8","Large decreases require an irreversibility review."
Grid_G28x40,screening_monotonicity,REVIEW,PASS,"0",">=-1e-8","The maximum of irreversible components should not materially decrease."
Grid_G40x56,end_mat_exists,HARD,PASS,"source_states_parametric/Grid_G40x56/end.mat","existing end.mat","Final result exists."
Grid_G40x56,top_level_variables,HARD,PASS,"","mesh,physics,solver,dt,tvec,results,n_max,tmax","Required saved variables."
Grid_G40x56,saved_controls,HARD,PASS,"dt0=30,nMax=260,tmax=1728000","30 s, 260, 20 days","Campaign controls match the declared run."
Grid_G40x56,time_finite,HARD,PASS,"0","0","No nonfinite saved time."
Grid_G40x56,time_strictly_increasing,HARD,PASS,"n=253,minDt=30","t(1)=0 and diff(t)>0","Time vector is complete and ordered."
Grid_G40x56,time_schedule,HARD,PASS,"points=253,maxError=0","253 points, <=1e-8 s","Reconstructed adaptive schedule must match the saved vector."
Grid_G40x56,time_coverage,HARD,PASS,"20.063120495389761","(20,20.25] days","main_seal terminates after the first step beyond tmax."
Grid_G40x56,physics_time_alignment,HARD,PASS,"physics.time=1733453.61080168,physics.dt=21600","1733453.61080168,21600","Saved physics and reporting times agree."
Grid_G40x56,mesh_manifest,HARD,PASS,"elements=2240,uniqueNodes=81x113","2240,81x113","Actual Q9 mesh matches the case name."
Grid_G40x56,mesh_finite,HARD,PASS,"nodes=9153,areaMin=1.75e-05","finite nodes and positive measures","Mesh geometry is usable."
Grid_G40x56,required_models,HARD,PASS,"SealPhaseFieldDamage,FluidDiffusion,ContactPenalty,ContactPenalty,ContactPenalty,PressureLoad,AgingDegradation,FatigueDamage,Constrainer,Constrainer,Constrainer,LeakagePostProcessor","phase, aging, FatigueDamage at model 8","Post-processing model contract."
Grid_G40x56,model_manifest,HARD,PASS,"l=0.3mm,P=21MPa,T=80C,f=0.05Hz","0.3,21,80,0.05","Saved model parameters match the canonical manifest."
Grid_G40x56,scientific_calibration,HARD,PASS,"W0=6e+07,beta=2,base=1e-06,cap=1e-05,mP=1.2,Pref=2.1e+07,kmin=0.005","6e7,2,1e-6,1e-5,1.2,21e6,0.005 and normalized phase weights","The saved run uses the declared scientifically corrected calibration."
Grid_G40x56,state_finite,HARD,PASS,"0","0","StateVec and StateVec_Old contain no NaN/Inf."
Grid_G40x56,state_committed,HARD,PASS,"0","relative 1e-10","Final StateVec equals its committed copy."
Grid_G40x56,history_field,HARD,PASS,"min=0,max=40821.5","finite and >=0","Phase history field is physically admissible."
Grid_G40x56,solver_log_finite,HARD,PASS,"[1012 4 2]","nonempty and finite","The current solver throws before end.mat on nonconvergence."
Grid_G40x56,result_fields,HARD,PASS,"","CL_avg,CL_max,LFrac,degradation_connected,phi_avg,phi_p99,alpha_p99,Df_p99,screening_index,alpha_avg,alpha_max,Df_max,totalCycles,leakage_Q,leakage_Q_poiseuille,leakage_kmax,leakage_aperture_max,leakage_path_cost,leakage_path_mean_aperture,leakage_path_min_aperture,leakage_connected,leakage_failed_darcy,leakage_failed_poiseuille,contactPressureMean,contactClosureMean,contact_top_mean,contact_bottom_mean,contact_right_mean,contact_top_max,contact_bottom_max,contact_right_max,Q_allow,leakage_time_darcy,leakage_time_poiseuille","Required time histories."
Grid_G40x56,result_vector_lengths,HARD,PASS,"253","all vector fields equal numel(tvec)","No truncated/misaligned history."
Grid_G40x56,result_finite_whitelist,HARD,PASS,"","all except declared sentinels","Only path-cost +Inf and not-crossed time NaN are allowed."
Grid_G40x56,leakage_path_cost_sentinel,HARD,PASS,"+Inf=1,finite=252","finite >=0 or +Inf","+Inf denotes no finite initial path; NaN/-Inf are invalid."
Grid_G40x56,leakage_time_darcy_sentinel,HARD,PASS,"crossing=none,flag=0,time=NaN","NaN iff threshold is never crossed","Failure time semantics."
Grid_G40x56,leakage_time_poiseuille_sentinel,HARD,PASS,"crossing=none,flag=0,time=NaN","NaN iff threshold is never crossed","Failure time semantics."
Grid_G40x56,reported_normalized_bounds,HARD,PASS,"[0,0.866471]","[0,1]","Reported physical metrics are bounded."
Grid_G40x56,reported_metric_hierarchy,HARD,PASS,"avg/P99/max","ordered","Basic summary statistics are internally consistent."
Grid_G40x56,screening_identity,HARD,PASS,"0","<=1e-12","I_S=max(phi_P99,alpha_P99,Df_P99)."
Grid_G40x56,fatigue_ip_bounds,HARD,PASS,"[0.0826837313316231,0.866470661166075]","[0,1]","Physical fatigue bounds use integration points, not overshooting nodal projection."
Grid_G40x56,fatigue_trial_committed,HARD,PASS,"0","<=1e-12","Final trial history was committed exactly once."
Grid_G40x56,fatigue_ip_shape,HARD,PASS,"[2240 9]","[2240 9]","Every integration point is represented."
Grid_G40x56,clean_initial_history,HARD,PASS,"N=0,DfMax=0,DfP99=0,I=0","all zero","Rejects a contaminated restart/history at t=0."
Grid_G40x56,cycles_equal_frequency_time,HARD,PASS,"7.2759576141834259e-12","<=8.66727e-05","N=f*t proves one Timedep commit per saved physical step."
Grid_G40x56,cycles_model_result_alignment,HARD,PASS,"0","<=8.66727e-05","Model and reporting histories agree."
Grid_G40x56,fatigue_monotonicity,HARD,PASS,"min dN=1.5,min dMax=1.48549e-06,min dP99=1.44477e-06","all >=-1e-12","Committed fatigue cannot heal."
Grid_G40x56,fatigue_per_cycle_cap,HARD,PASS,"global=0,step=3.1225e-17","<=1e-10","Detects repeated within-step accumulation despite a capped dD/dN."
Grid_G40x56,fatigue_result_endpoint,HARD,PASS,"maxErr=0,p99Err=0","<=1e-12","Reported terminal fatigue is recomputed from committed IP history."
Grid_G40x56,nonnegative_physical_outputs,HARD,PASS,"0",">=-1e-14","Leakage/contact measures cannot be negative."
Grid_G40x56,degradation_extent_bounds,HARD,PASS,"[0,0]","[0,0.0035]","Connected extent stays inside the seal."
Grid_G40x56,aging_monotonicity,REVIEW,PASS,"0",">=-1e-8","Scientific trend check, not a completion invariant."
Grid_G40x56,phase_percentile_monotonicity,REVIEW,PASS,"0",">=-1e-8","Large decreases require an irreversibility review."
Grid_G40x56,screening_monotonicity,REVIEW,PASS,"0",">=-1e-8","The maximum of irreversible components should not materially decrease."
LengthScale_lh2.0,end_mat_exists,HARD,PASS,"source_states_parametric/LengthScale_lh2.0/end.mat","existing end.mat","Final result exists."
LengthScale_lh2.0,top_level_variables,HARD,PASS,"","mesh,physics,solver,dt,tvec,results,n_max,tmax","Required saved variables."
LengthScale_lh2.0,saved_controls,HARD,PASS,"dt0=30,nMax=260,tmax=1728000","30 s, 260, 20 days","Campaign controls match the declared run."
LengthScale_lh2.0,time_finite,HARD,PASS,"0","0","No nonfinite saved time."
LengthScale_lh2.0,time_strictly_increasing,HARD,PASS,"n=253,minDt=30","t(1)=0 and diff(t)>0","Time vector is complete and ordered."
LengthScale_lh2.0,time_schedule,HARD,PASS,"points=253,maxError=0","253 points, <=1e-8 s","Reconstructed adaptive schedule must match the saved vector."
LengthScale_lh2.0,time_coverage,HARD,PASS,"20.063120495389761","(20,20.25] days","main_seal terminates after the first step beyond tmax."
LengthScale_lh2.0,physics_time_alignment,HARD,PASS,"physics.time=1733453.61080168,physics.dt=21600","1733453.61080168,21600","Saved physics and reporting times agree."
LengthScale_lh2.0,mesh_manifest,HARD,PASS,"elements=1120,uniqueNodes=57x81","1120,57x81","Actual Q9 mesh matches the case name."
LengthScale_lh2.0,mesh_finite,HARD,PASS,"nodes=4617,areaMin=1.75e-05","finite nodes and positive measures","Mesh geometry is usable."
LengthScale_lh2.0,required_models,HARD,PASS,"SealPhaseFieldDamage,FluidDiffusion,ContactPenalty,ContactPenalty,ContactPenalty,PressureLoad,AgingDegradation,FatigueDamage,Constrainer,Constrainer,Constrainer,LeakagePostProcessor","phase, aging, FatigueDamage at model 8","Post-processing model contract."
LengthScale_lh2.0,model_manifest,HARD,PASS,"l=0.25mm,P=21MPa,T=80C,f=0.05Hz","0.25,21,80,0.05","Saved model parameters match the canonical manifest."
LengthScale_lh2.0,scientific_calibration,HARD,PASS,"W0=6e+07,beta=2,base=1e-06,cap=1e-05,mP=1.2,Pref=2.1e+07,kmin=0.005","6e7,2,1e-6,1e-5,1.2,21e6,0.005 and normalized phase weights","The saved run uses the declared scientifically corrected calibration."
LengthScale_lh2.0,state_finite,HARD,PASS,"0","0","StateVec and StateVec_Old contain no NaN/Inf."
LengthScale_lh2.0,state_committed,HARD,PASS,"0","relative 1e-10","Final StateVec equals its committed copy."
LengthScale_lh2.0,history_field,HARD,PASS,"min=0,max=48540.4","finite and >=0","Phase history field is physically admissible."
LengthScale_lh2.0,solver_log_finite,HARD,PASS,"[1012 4 2]","nonempty and finite","The current solver throws before end.mat on nonconvergence."
LengthScale_lh2.0,result_fields,HARD,PASS,"","CL_avg,CL_max,LFrac,degradation_connected,phi_avg,phi_p99,alpha_p99,Df_p99,screening_index,alpha_avg,alpha_max,Df_max,totalCycles,leakage_Q,leakage_Q_poiseuille,leakage_kmax,leakage_aperture_max,leakage_path_cost,leakage_path_mean_aperture,leakage_path_min_aperture,leakage_connected,leakage_failed_darcy,leakage_failed_poiseuille,contactPressureMean,contactClosureMean,contact_top_mean,contact_bottom_mean,contact_right_mean,contact_top_max,contact_bottom_max,contact_right_max,Q_allow,leakage_time_darcy,leakage_time_poiseuille","Required time histories."
LengthScale_lh2.0,result_vector_lengths,HARD,PASS,"253","all vector fields equal numel(tvec)","No truncated/misaligned history."
LengthScale_lh2.0,result_finite_whitelist,HARD,PASS,"","all except declared sentinels","Only path-cost +Inf and not-crossed time NaN are allowed."
LengthScale_lh2.0,leakage_path_cost_sentinel,HARD,PASS,"+Inf=1,finite=252","finite >=0 or +Inf","+Inf denotes no finite initial path; NaN/-Inf are invalid."
LengthScale_lh2.0,leakage_time_darcy_sentinel,HARD,PASS,"crossing=none,flag=0,time=NaN","NaN iff threshold is never crossed","Failure time semantics."
LengthScale_lh2.0,leakage_time_poiseuille_sentinel,HARD,PASS,"crossing=none,flag=0,time=NaN","NaN iff threshold is never crossed","Failure time semantics."
LengthScale_lh2.0,reported_normalized_bounds,HARD,PASS,"[0,0.866417]","[0,1]","Reported physical metrics are bounded."
LengthScale_lh2.0,reported_metric_hierarchy,HARD,PASS,"avg/P99/max","ordered","Basic summary statistics are internally consistent."
LengthScale_lh2.0,screening_identity,HARD,PASS,"0","<=1e-12","I_S=max(phi_P99,alpha_P99,Df_P99)."
LengthScale_lh2.0,fatigue_ip_bounds,HARD,PASS,"[0.0826834636369125,0.866416821092339]","[0,1]","Physical fatigue bounds use integration points, not overshooting nodal projection."
LengthScale_lh2.0,fatigue_trial_committed,HARD,PASS,"0","<=1e-12","Final trial history was committed exactly once."
LengthScale_lh2.0,fatigue_ip_shape,HARD,PASS,"[1120 9]","[1120 9]","Every integration point is represented."
LengthScale_lh2.0,clean_initial_history,HARD,PASS,"N=0,DfMax=0,DfP99=0,I=0","all zero","Rejects a contaminated restart/history at t=0."
LengthScale_lh2.0,cycles_equal_frequency_time,HARD,PASS,"7.2759576141834259e-12","<=8.66727e-05","N=f*t proves one Timedep commit per saved physical step."
LengthScale_lh2.0,cycles_model_result_alignment,HARD,PASS,"0","<=8.66727e-05","Model and reporting histories agree."
LengthScale_lh2.0,fatigue_monotonicity,HARD,PASS,"min dN=1.5,min dMax=1.4779e-06,min dP99=1.4449e-06","all >=-1e-12","Committed fatigue cannot heal."
LengthScale_lh2.0,fatigue_per_cycle_cap,HARD,PASS,"global=0,step=3.1225e-17","<=1e-10","Detects repeated within-step accumulation despite a capped dD/dN."
LengthScale_lh2.0,fatigue_result_endpoint,HARD,PASS,"maxErr=0,p99Err=0","<=1e-12","Reported terminal fatigue is recomputed from committed IP history."
LengthScale_lh2.0,nonnegative_physical_outputs,HARD,PASS,"0",">=-1e-14","Leakage/contact measures cannot be negative."
LengthScale_lh2.0,degradation_extent_bounds,HARD,PASS,"[0,0]","[0,0.0035]","Connected extent stays inside the seal."
LengthScale_lh2.0,aging_monotonicity,REVIEW,PASS,"0",">=-1e-8","Scientific trend check, not a completion invariant."
LengthScale_lh2.0,phase_percentile_monotonicity,REVIEW,PASS,"0",">=-1e-8","Large decreases require an irreversibility review."
LengthScale_lh2.0,screening_monotonicity,REVIEW,PASS,"0",">=-1e-8","The maximum of irreversible components should not materially decrease."
LengthScale_lh3.0,end_mat_exists,HARD,PASS,"source_states_parametric/LengthScale_lh3.0/end.mat","existing end.mat","Final result exists."
LengthScale_lh3.0,top_level_variables,HARD,PASS,"","mesh,physics,solver,dt,tvec,results,n_max,tmax","Required saved variables."
LengthScale_lh3.0,saved_controls,HARD,PASS,"dt0=30,nMax=260,tmax=1728000","30 s, 260, 20 days","Campaign controls match the declared run."
LengthScale_lh3.0,time_finite,HARD,PASS,"0","0","No nonfinite saved time."
LengthScale_lh3.0,time_strictly_increasing,HARD,PASS,"n=253,minDt=30","t(1)=0 and diff(t)>0","Time vector is complete and ordered."
LengthScale_lh3.0,time_schedule,HARD,PASS,"points=253,maxError=0","253 points, <=1e-8 s","Reconstructed adaptive schedule must match the saved vector."
LengthScale_lh3.0,time_coverage,HARD,PASS,"20.063120495389761","(20,20.25] days","main_seal terminates after the first step beyond tmax."
LengthScale_lh3.0,physics_time_alignment,HARD,PASS,"physics.time=1733453.61080168,physics.dt=21600","1733453.61080168,21600","Saved physics and reporting times agree."
LengthScale_lh3.0,mesh_manifest,HARD,PASS,"elements=1120,uniqueNodes=57x81","1120,57x81","Actual Q9 mesh matches the case name."
LengthScale_lh3.0,mesh_finite,HARD,PASS,"nodes=4617,areaMin=1.75e-05","finite nodes and positive measures","Mesh geometry is usable."
LengthScale_lh3.0,required_models,HARD,PASS,"SealPhaseFieldDamage,FluidDiffusion,ContactPenalty,ContactPenalty,ContactPenalty,PressureLoad,AgingDegradation,FatigueDamage,Constrainer,Constrainer,Constrainer,LeakagePostProcessor","phase, aging, FatigueDamage at model 8","Post-processing model contract."
LengthScale_lh3.0,model_manifest,HARD,PASS,"l=0.375mm,P=21MPa,T=80C,f=0.05Hz","0.375,21,80,0.05","Saved model parameters match the canonical manifest."
LengthScale_lh3.0,scientific_calibration,HARD,PASS,"W0=6e+07,beta=2,base=1e-06,cap=1e-05,mP=1.2,Pref=2.1e+07,kmin=0.005","6e7,2,1e-6,1e-5,1.2,21e6,0.005 and normalized phase weights","The saved run uses the declared scientifically corrected calibration."
LengthScale_lh3.0,state_finite,HARD,PASS,"0","0","StateVec and StateVec_Old contain no NaN/Inf."
LengthScale_lh3.0,state_committed,HARD,PASS,"0","relative 1e-10","Final StateVec equals its committed copy."
LengthScale_lh3.0,history_field,HARD,PASS,"min=0,max=32340.7","finite and >=0","Phase history field is physically admissible."
LengthScale_lh3.0,solver_log_finite,HARD,PASS,"[1012 4 2]","nonempty and finite","The current solver throws before end.mat on nonconvergence."
LengthScale_lh3.0,result_fields,HARD,PASS,"","CL_avg,CL_max,LFrac,degradation_connected,phi_avg,phi_p99,alpha_p99,Df_p99,screening_index,alpha_avg,alpha_max,Df_max,totalCycles,leakage_Q,leakage_Q_poiseuille,leakage_kmax,leakage_aperture_max,leakage_path_cost,leakage_path_mean_aperture,leakage_path_min_aperture,leakage_connected,leakage_failed_darcy,leakage_failed_poiseuille,contactPressureMean,contactClosureMean,contact_top_mean,contact_bottom_mean,contact_right_mean,contact_top_max,contact_bottom_max,contact_right_max,Q_allow,leakage_time_darcy,leakage_time_poiseuille","Required time histories."
LengthScale_lh3.0,result_vector_lengths,HARD,PASS,"253","all vector fields equal numel(tvec)","No truncated/misaligned history."
LengthScale_lh3.0,result_finite_whitelist,HARD,PASS,"","all except declared sentinels","Only path-cost +Inf and not-crossed time NaN are allowed."
LengthScale_lh3.0,leakage_path_cost_sentinel,HARD,PASS,"+Inf=1,finite=252","finite >=0 or +Inf","+Inf denotes no finite initial path; NaN/-Inf are invalid."
LengthScale_lh3.0,leakage_time_darcy_sentinel,HARD,PASS,"crossing=none,flag=0,time=NaN","NaN iff threshold is never crossed","Failure time semantics."
LengthScale_lh3.0,leakage_time_poiseuille_sentinel,HARD,PASS,"crossing=none,flag=0,time=NaN","NaN iff threshold is never crossed","Failure time semantics."
LengthScale_lh3.0,reported_normalized_bounds,HARD,PASS,"[0,0.866417]","[0,1]","Reported physical metrics are bounded."
LengthScale_lh3.0,reported_metric_hierarchy,HARD,PASS,"avg/P99/max","ordered","Basic summary statistics are internally consistent."
LengthScale_lh3.0,screening_identity,HARD,PASS,"0","<=1e-12","I_S=max(phi_P99,alpha_P99,Df_P99)."
LengthScale_lh3.0,fatigue_ip_bounds,HARD,PASS,"[0.0826834689886309,0.866416821092339]","[0,1]","Physical fatigue bounds use integration points, not overshooting nodal projection."
LengthScale_lh3.0,fatigue_trial_committed,HARD,PASS,"0","<=1e-12","Final trial history was committed exactly once."
LengthScale_lh3.0,fatigue_ip_shape,HARD,PASS,"[1120 9]","[1120 9]","Every integration point is represented."
LengthScale_lh3.0,clean_initial_history,HARD,PASS,"N=0,DfMax=0,DfP99=0,I=0","all zero","Rejects a contaminated restart/history at t=0."
LengthScale_lh3.0,cycles_equal_frequency_time,HARD,PASS,"7.2759576141834259e-12","<=8.66727e-05","N=f*t proves one Timedep commit per saved physical step."
LengthScale_lh3.0,cycles_model_result_alignment,HARD,PASS,"0","<=8.66727e-05","Model and reporting histories agree."
LengthScale_lh3.0,fatigue_monotonicity,HARD,PASS,"min dN=1.5,min dMax=1.4779e-06,min dP99=1.4449e-06","all >=-1e-12","Committed fatigue cannot heal."
LengthScale_lh3.0,fatigue_per_cycle_cap,HARD,PASS,"global=0,step=3.1225e-17","<=1e-10","Detects repeated within-step accumulation despite a capped dD/dN."
LengthScale_lh3.0,fatigue_result_endpoint,HARD,PASS,"maxErr=0,p99Err=0","<=1e-12","Reported terminal fatigue is recomputed from committed IP history."
LengthScale_lh3.0,nonnegative_physical_outputs,HARD,PASS,"0",">=-1e-14","Leakage/contact measures cannot be negative."
LengthScale_lh3.0,degradation_extent_bounds,HARD,PASS,"[0,0]","[0,0.0035]","Connected extent stays inside the seal."
LengthScale_lh3.0,aging_monotonicity,REVIEW,PASS,"0",">=-1e-8","Scientific trend check, not a completion invariant."
LengthScale_lh3.0,phase_percentile_monotonicity,REVIEW,PASS,"0",">=-1e-8","Large decreases require an irreversibility review."
LengthScale_lh3.0,screening_monotonicity,REVIEW,PASS,"0",">=-1e-8","The maximum of irreversible components should not materially decrease."
LengthScale_lh4.0,end_mat_exists,HARD,PASS,"source_states_parametric/LengthScale_lh4.0/end.mat","existing end.mat","Final result exists."
LengthScale_lh4.0,top_level_variables,HARD,PASS,"","mesh,physics,solver,dt,tvec,results,n_max,tmax","Required saved variables."
LengthScale_lh4.0,saved_controls,HARD,PASS,"dt0=30,nMax=260,tmax=1728000","30 s, 260, 20 days","Campaign controls match the declared run."
LengthScale_lh4.0,time_finite,HARD,PASS,"0","0","No nonfinite saved time."
LengthScale_lh4.0,time_strictly_increasing,HARD,PASS,"n=253,minDt=30","t(1)=0 and diff(t)>0","Time vector is complete and ordered."
LengthScale_lh4.0,time_schedule,HARD,PASS,"points=253,maxError=0","253 points, <=1e-8 s","Reconstructed adaptive schedule must match the saved vector."
LengthScale_lh4.0,time_coverage,HARD,PASS,"20.063120495389761","(20,20.25] days","main_seal terminates after the first step beyond tmax."
LengthScale_lh4.0,physics_time_alignment,HARD,PASS,"physics.time=1733453.61080168,physics.dt=21600","1733453.61080168,21600","Saved physics and reporting times agree."
LengthScale_lh4.0,mesh_manifest,HARD,PASS,"elements=1120,uniqueNodes=57x81","1120,57x81","Actual Q9 mesh matches the case name."
LengthScale_lh4.0,mesh_finite,HARD,PASS,"nodes=4617,areaMin=1.75e-05","finite nodes and positive measures","Mesh geometry is usable."
LengthScale_lh4.0,required_models,HARD,PASS,"SealPhaseFieldDamage,FluidDiffusion,ContactPenalty,ContactPenalty,ContactPenalty,PressureLoad,AgingDegradation,FatigueDamage,Constrainer,Constrainer,Constrainer,LeakagePostProcessor","phase, aging, FatigueDamage at model 8","Post-processing model contract."
LengthScale_lh4.0,model_manifest,HARD,PASS,"l=0.5mm,P=21MPa,T=80C,f=0.05Hz","0.5,21,80,0.05","Saved model parameters match the canonical manifest."
LengthScale_lh4.0,scientific_calibration,HARD,PASS,"W0=6e+07,beta=2,base=1e-06,cap=1e-05,mP=1.2,Pref=2.1e+07,kmin=0.005","6e7,2,1e-6,1e-5,1.2,21e6,0.005 and normalized phase weights","The saved run uses the declared scientifically corrected calibration."
LengthScale_lh4.0,state_finite,HARD,PASS,"0","0","StateVec and StateVec_Old contain no NaN/Inf."
LengthScale_lh4.0,state_committed,HARD,PASS,"0","relative 1e-10","Final StateVec equals its committed copy."
LengthScale_lh4.0,history_field,HARD,PASS,"min=0,max=24243.6","finite and >=0","Phase history field is physically admissible."
LengthScale_lh4.0,solver_log_finite,HARD,PASS,"[1012 4 2]","nonempty and finite","The current solver throws before end.mat on nonconvergence."
LengthScale_lh4.0,result_fields,HARD,PASS,"","CL_avg,CL_max,LFrac,degradation_connected,phi_avg,phi_p99,alpha_p99,Df_p99,screening_index,alpha_avg,alpha_max,Df_max,totalCycles,leakage_Q,leakage_Q_poiseuille,leakage_kmax,leakage_aperture_max,leakage_path_cost,leakage_path_mean_aperture,leakage_path_min_aperture,leakage_connected,leakage_failed_darcy,leakage_failed_poiseuille,contactPressureMean,contactClosureMean,contact_top_mean,contact_bottom_mean,contact_right_mean,contact_top_max,contact_bottom_max,contact_right_max,Q_allow,leakage_time_darcy,leakage_time_poiseuille","Required time histories."
LengthScale_lh4.0,result_vector_lengths,HARD,PASS,"253","all vector fields equal numel(tvec)","No truncated/misaligned history."
LengthScale_lh4.0,result_finite_whitelist,HARD,PASS,"","all except declared sentinels","Only path-cost +Inf and not-crossed time NaN are allowed."
LengthScale_lh4.0,leakage_path_cost_sentinel,HARD,PASS,"+Inf=1,finite=252","finite >=0 or +Inf","+Inf denotes no finite initial path; NaN/-Inf are invalid."
LengthScale_lh4.0,leakage_time_darcy_sentinel,HARD,PASS,"crossing=none,flag=0,time=NaN","NaN iff threshold is never crossed","Failure time semantics."
LengthScale_lh4.0,leakage_time_poiseuille_sentinel,HARD,PASS,"crossing=none,flag=0,time=NaN","NaN iff threshold is never crossed","Failure time semantics."
LengthScale_lh4.0,reported_normalized_bounds,HARD,PASS,"[0,0.866417]","[0,1]","Reported physical metrics are bounded."
LengthScale_lh4.0,reported_metric_hierarchy,HARD,PASS,"avg/P99/max","ordered","Basic summary statistics are internally consistent."
LengthScale_lh4.0,screening_identity,HARD,PASS,"0","<=1e-12","I_S=max(phi_P99,alpha_P99,Df_P99)."
LengthScale_lh4.0,fatigue_ip_bounds,HARD,PASS,"[0.0826834707123565,0.866416821092339]","[0,1]","Physical fatigue bounds use integration points, not overshooting nodal projection."
LengthScale_lh4.0,fatigue_trial_committed,HARD,PASS,"0","<=1e-12","Final trial history was committed exactly once."
LengthScale_lh4.0,fatigue_ip_shape,HARD,PASS,"[1120 9]","[1120 9]","Every integration point is represented."
LengthScale_lh4.0,clean_initial_history,HARD,PASS,"N=0,DfMax=0,DfP99=0,I=0","all zero","Rejects a contaminated restart/history at t=0."
LengthScale_lh4.0,cycles_equal_frequency_time,HARD,PASS,"7.2759576141834259e-12","<=8.66727e-05","N=f*t proves one Timedep commit per saved physical step."
LengthScale_lh4.0,cycles_model_result_alignment,HARD,PASS,"0","<=8.66727e-05","Model and reporting histories agree."
LengthScale_lh4.0,fatigue_monotonicity,HARD,PASS,"min dN=1.5,min dMax=1.4779e-06,min dP99=1.4449e-06","all >=-1e-12","Committed fatigue cannot heal."
LengthScale_lh4.0,fatigue_per_cycle_cap,HARD,PASS,"global=0,step=3.1225e-17","<=1e-10","Detects repeated within-step accumulation despite a capped dD/dN."
LengthScale_lh4.0,fatigue_result_endpoint,HARD,PASS,"maxErr=0,p99Err=0","<=1e-12","Reported terminal fatigue is recomputed from committed IP history."
LengthScale_lh4.0,nonnegative_physical_outputs,HARD,PASS,"0",">=-1e-14","Leakage/contact measures cannot be negative."
LengthScale_lh4.0,degradation_extent_bounds,HARD,PASS,"[0,0]","[0,0.0035]","Connected extent stays inside the seal."
LengthScale_lh4.0,aging_monotonicity,REVIEW,PASS,"0",">=-1e-8","Scientific trend check, not a completion invariant."
LengthScale_lh4.0,phase_percentile_monotonicity,REVIEW,PASS,"0",">=-1e-8","Large decreases require an irreversibility review."
LengthScale_lh4.0,screening_monotonicity,REVIEW,PASS,"0",">=-1e-8","The maximum of irreversible components should not materially decrease."
LengthScale_lh5.0,end_mat_exists,HARD,PASS,"source_states_parametric/LengthScale_lh5.0/end.mat","existing end.mat","Final result exists."
LengthScale_lh5.0,top_level_variables,HARD,PASS,"","mesh,physics,solver,dt,tvec,results,n_max,tmax","Required saved variables."
LengthScale_lh5.0,saved_controls,HARD,PASS,"dt0=30,nMax=260,tmax=1728000","30 s, 260, 20 days","Campaign controls match the declared run."
LengthScale_lh5.0,time_finite,HARD,PASS,"0","0","No nonfinite saved time."
LengthScale_lh5.0,time_strictly_increasing,HARD,PASS,"n=253,minDt=30","t(1)=0 and diff(t)>0","Time vector is complete and ordered."
LengthScale_lh5.0,time_schedule,HARD,PASS,"points=253,maxError=0","253 points, <=1e-8 s","Reconstructed adaptive schedule must match the saved vector."
LengthScale_lh5.0,time_coverage,HARD,PASS,"20.063120495389761","(20,20.25] days","main_seal terminates after the first step beyond tmax."
LengthScale_lh5.0,physics_time_alignment,HARD,PASS,"physics.time=1733453.61080168,physics.dt=21600","1733453.61080168,21600","Saved physics and reporting times agree."
LengthScale_lh5.0,mesh_manifest,HARD,PASS,"elements=1120,uniqueNodes=57x81","1120,57x81","Actual Q9 mesh matches the case name."
LengthScale_lh5.0,mesh_finite,HARD,PASS,"nodes=4617,areaMin=1.75e-05","finite nodes and positive measures","Mesh geometry is usable."
LengthScale_lh5.0,required_models,HARD,PASS,"SealPhaseFieldDamage,FluidDiffusion,ContactPenalty,ContactPenalty,ContactPenalty,PressureLoad,AgingDegradation,FatigueDamage,Constrainer,Constrainer,Constrainer,LeakagePostProcessor","phase, aging, FatigueDamage at model 8","Post-processing model contract."
LengthScale_lh5.0,model_manifest,HARD,PASS,"l=0.625mm,P=21MPa,T=80C,f=0.05Hz","0.625,21,80,0.05","Saved model parameters match the canonical manifest."
LengthScale_lh5.0,scientific_calibration,HARD,PASS,"W0=6e+07,beta=2,base=1e-06,cap=1e-05,mP=1.2,Pref=2.1e+07,kmin=0.005","6e7,2,1e-6,1e-5,1.2,21e6,0.005 and normalized phase weights","The saved run uses the declared scientifically corrected calibration."
LengthScale_lh5.0,state_finite,HARD,PASS,"0","0","StateVec and StateVec_Old contain no NaN/Inf."
LengthScale_lh5.0,state_committed,HARD,PASS,"0","relative 1e-10","Final StateVec equals its committed copy."
LengthScale_lh5.0,history_field,HARD,PASS,"min=0,max=19386.1","finite and >=0","Phase history field is physically admissible."
LengthScale_lh5.0,solver_log_finite,HARD,PASS,"[1012 4 2]","nonempty and finite","The current solver throws before end.mat on nonconvergence."
LengthScale_lh5.0,result_fields,HARD,PASS,"","CL_avg,CL_max,LFrac,degradation_connected,phi_avg,phi_p99,alpha_p99,Df_p99,screening_index,alpha_avg,alpha_max,Df_max,totalCycles,leakage_Q,leakage_Q_poiseuille,leakage_kmax,leakage_aperture_max,leakage_path_cost,leakage_path_mean_aperture,leakage_path_min_aperture,leakage_connected,leakage_failed_darcy,leakage_failed_poiseuille,contactPressureMean,contactClosureMean,contact_top_mean,contact_bottom_mean,contact_right_mean,contact_top_max,contact_bottom_max,contact_right_max,Q_allow,leakage_time_darcy,leakage_time_poiseuille","Required time histories."
LengthScale_lh5.0,result_vector_lengths,HARD,PASS,"253","all vector fields equal numel(tvec)","No truncated/misaligned history."
LengthScale_lh5.0,result_finite_whitelist,HARD,PASS,"","all except declared sentinels","Only path-cost +Inf and not-crossed time NaN are allowed."
LengthScale_lh5.0,leakage_path_cost_sentinel,HARD,PASS,"+Inf=1,finite=252","finite >=0 or +Inf","+Inf denotes no finite initial path; NaN/-Inf are invalid."
LengthScale_lh5.0,leakage_time_darcy_sentinel,HARD,PASS,"crossing=none,flag=0,time=NaN","NaN iff threshold is never crossed","Failure time semantics."
LengthScale_lh5.0,leakage_time_poiseuille_sentinel,HARD,PASS,"crossing=none,flag=0,time=NaN","NaN iff threshold is never crossed","Failure time semantics."
LengthScale_lh5.0,reported_normalized_bounds,HARD,PASS,"[0,0.866417]","[0,1]","Reported physical metrics are bounded."
LengthScale_lh5.0,reported_metric_hierarchy,HARD,PASS,"avg/P99/max","ordered","Basic summary statistics are internally consistent."
LengthScale_lh5.0,screening_identity,HARD,PASS,"0","<=1e-12","I_S=max(phi_P99,alpha_P99,Df_P99)."
LengthScale_lh5.0,fatigue_ip_bounds,HARD,PASS,"[0.0826834706922645,0.866416821092339]","[0,1]","Physical fatigue bounds use integration points, not overshooting nodal projection."
LengthScale_lh5.0,fatigue_trial_committed,HARD,PASS,"0","<=1e-12","Final trial history was committed exactly once."
LengthScale_lh5.0,fatigue_ip_shape,HARD,PASS,"[1120 9]","[1120 9]","Every integration point is represented."
LengthScale_lh5.0,clean_initial_history,HARD,PASS,"N=0,DfMax=0,DfP99=0,I=0","all zero","Rejects a contaminated restart/history at t=0."
LengthScale_lh5.0,cycles_equal_frequency_time,HARD,PASS,"7.2759576141834259e-12","<=8.66727e-05","N=f*t proves one Timedep commit per saved physical step."
LengthScale_lh5.0,cycles_model_result_alignment,HARD,PASS,"0","<=8.66727e-05","Model and reporting histories agree."
LengthScale_lh5.0,fatigue_monotonicity,HARD,PASS,"min dN=1.5,min dMax=1.4779e-06,min dP99=1.4449e-06","all >=-1e-12","Committed fatigue cannot heal."
LengthScale_lh5.0,fatigue_per_cycle_cap,HARD,PASS,"global=0,step=3.1225e-17","<=1e-10","Detects repeated within-step accumulation despite a capped dD/dN."
LengthScale_lh5.0,fatigue_result_endpoint,HARD,PASS,"maxErr=0,p99Err=0","<=1e-12","Reported terminal fatigue is recomputed from committed IP history."
LengthScale_lh5.0,nonnegative_physical_outputs,HARD,PASS,"0",">=-1e-14","Leakage/contact measures cannot be negative."
LengthScale_lh5.0,degradation_extent_bounds,HARD,PASS,"[0,0]","[0,0.0035]","Connected extent stays inside the seal."
LengthScale_lh5.0,aging_monotonicity,REVIEW,PASS,"0",">=-1e-8","Scientific trend check, not a completion invariant."
LengthScale_lh5.0,phase_percentile_monotonicity,REVIEW,PASS,"0",">=-1e-8","Large decreases require an irreversibility review."
LengthScale_lh5.0,screening_monotonicity,REVIEW,PASS,"0",">=-1e-8","The maximum of irreversible components should not materially decrease."
Orthogonal_O01_P21_T080_f020,end_mat_exists,HARD,PASS,"source_states_parametric/Orthogonal_O01_P21_T080_f020/end.mat","existing end.mat","Final result exists."
Orthogonal_O01_P21_T080_f020,top_level_variables,HARD,PASS,"","mesh,physics,solver,dt,tvec,results,n_max,tmax","Required saved variables."
Orthogonal_O01_P21_T080_f020,saved_controls,HARD,PASS,"dt0=30,nMax=260,tmax=1728000","30 s, 260, 20 days","Campaign controls match the declared run."
Orthogonal_O01_P21_T080_f020,time_finite,HARD,PASS,"0","0","No nonfinite saved time."
Orthogonal_O01_P21_T080_f020,time_strictly_increasing,HARD,PASS,"n=253,minDt=30","t(1)=0 and diff(t)>0","Time vector is complete and ordered."
Orthogonal_O01_P21_T080_f020,time_schedule,HARD,PASS,"points=253,maxError=0","253 points, <=1e-8 s","Reconstructed adaptive schedule must match the saved vector."
Orthogonal_O01_P21_T080_f020,time_coverage,HARD,PASS,"20.063120495389761","(20,20.25] days","main_seal terminates after the first step beyond tmax."
Orthogonal_O01_P21_T080_f020,physics_time_alignment,HARD,PASS,"physics.time=1733453.61080168,physics.dt=21600","1733453.61080168,21600","Saved physics and reporting times agree."
Orthogonal_O01_P21_T080_f020,mesh_manifest,HARD,PASS,"elements=816,uniqueNodes=49x69","816,49x69","Actual Q9 mesh matches the case name."
Orthogonal_O01_P21_T080_f020,mesh_finite,HARD,PASS,"nodes=3381,areaMin=1.75e-05","finite nodes and positive measures","Mesh geometry is usable."
Orthogonal_O01_P21_T080_f020,required_models,HARD,PASS,"SealPhaseFieldDamage,FluidDiffusion,ContactPenalty,ContactPenalty,ContactPenalty,PressureLoad,AgingDegradation,FatigueDamage,Constrainer,Constrainer,Constrainer,LeakagePostProcessor","phase, aging, FatigueDamage at model 8","Post-processing model contract."
Orthogonal_O01_P21_T080_f020,model_manifest,HARD,PASS,"l=0.3mm,P=21MPa,T=80C,f=0.02Hz","0.3,21,80,0.02","Saved model parameters match the canonical manifest."
Orthogonal_O01_P21_T080_f020,scientific_calibration,HARD,PASS,"W0=6e+07,beta=2,base=1e-06,cap=1e-05,mP=1.2,Pref=2.1e+07,kmin=0.005","6e7,2,1e-6,1e-5,1.2,21e6,0.005 and normalized phase weights","The saved run uses the declared scientifically corrected calibration."
Orthogonal_O01_P21_T080_f020,state_finite,HARD,PASS,"0","0","StateVec and StateVec_Old contain no NaN/Inf."
Orthogonal_O01_P21_T080_f020,state_committed,HARD,PASS,"0","relative 1e-10","Final StateVec equals its committed copy."
Orthogonal_O01_P21_T080_f020,history_field,HARD,PASS,"min=0,max=13624.6","finite and >=0","Phase history field is physically admissible."
Orthogonal_O01_P21_T080_f020,solver_log_finite,HARD,PASS,"[1012 4 2]","nonempty and finite","The current solver throws before end.mat on nonconvergence."
Orthogonal_O01_P21_T080_f020,result_fields,HARD,PASS,"","CL_avg,CL_max,LFrac,degradation_connected,phi_avg,phi_p99,alpha_p99,Df_p99,screening_index,alpha_avg,alpha_max,Df_max,totalCycles,leakage_Q,leakage_Q_poiseuille,leakage_kmax,leakage_aperture_max,leakage_path_cost,leakage_path_mean_aperture,leakage_path_min_aperture,leakage_connected,leakage_failed_darcy,leakage_failed_poiseuille,contactPressureMean,contactClosureMean,contact_top_mean,contact_bottom_mean,contact_right_mean,contact_top_max,contact_bottom_max,contact_right_max,Q_allow,leakage_time_darcy,leakage_time_poiseuille","Required time histories."
Orthogonal_O01_P21_T080_f020,result_vector_lengths,HARD,PASS,"253","all vector fields equal numel(tvec)","No truncated/misaligned history."
Orthogonal_O01_P21_T080_f020,result_finite_whitelist,HARD,PASS,"","all except declared sentinels","Only path-cost +Inf and not-crossed time NaN are allowed."
Orthogonal_O01_P21_T080_f020,leakage_path_cost_sentinel,HARD,PASS,"+Inf=1,finite=252","finite >=0 or +Inf","+Inf denotes no finite initial path; NaN/-Inf are invalid."
Orthogonal_O01_P21_T080_f020,leakage_time_darcy_sentinel,HARD,PASS,"crossing=none,flag=0,time=NaN","NaN iff threshold is never crossed","Failure time semantics."
Orthogonal_O01_P21_T080_f020,leakage_time_poiseuille_sentinel,HARD,PASS,"crossing=none,flag=0,time=NaN","NaN iff threshold is never crossed","Failure time semantics."
Orthogonal_O01_P21_T080_f020,reported_normalized_bounds,HARD,PASS,"[0,0.64744]","[0,1]","Reported physical metrics are bounded."
Orthogonal_O01_P21_T080_f020,reported_metric_hierarchy,HARD,PASS,"avg/P99/max","ordered","Basic summary statistics are internally consistent."
Orthogonal_O01_P21_T080_f020,screening_identity,HARD,PASS,"0","<=1e-12","I_S=max(phi_P99,alpha_P99,Df_P99)."
Orthogonal_O01_P21_T080_f020,fatigue_ip_bounds,HARD,PASS,"[0.0330727723101141,0.346555971189928]","[0,1]","Physical fatigue bounds use integration points, not overshooting nodal projection."
Orthogonal_O01_P21_T080_f020,fatigue_trial_committed,HARD,PASS,"0","<=1e-12","Final trial history was committed exactly once."
Orthogonal_O01_P21_T080_f020,fatigue_ip_shape,HARD,PASS,"[816 9]","[816 9]","Every integration point is represented."
Orthogonal_O01_P21_T080_f020,clean_initial_history,HARD,PASS,"N=0,DfMax=0,DfP99=0,I=0","all zero","Rejects a contaminated restart/history at t=0."
Orthogonal_O01_P21_T080_f020,cycles_equal_frequency_time,HARD,PASS,"7.2759576141834259e-12","<=3.46691e-05","N=f*t proves one Timedep commit per saved physical step."
Orthogonal_O01_P21_T080_f020,cycles_model_result_alignment,HARD,PASS,"0","<=3.46691e-05","Model and reporting histories agree."
Orthogonal_O01_P21_T080_f020,fatigue_monotonicity,HARD,PASS,"min dN=0.6,min dMax=5.89907e-07,min dP99=5.78083e-07","all >=-1e-12","Committed fatigue cannot heal."
Orthogonal_O01_P21_T080_f020,fatigue_per_cycle_cap,HARD,PASS,"global=0,step=9.1073e-18","<=1e-10","Detects repeated within-step accumulation despite a capped dD/dN."
Orthogonal_O01_P21_T080_f020,fatigue_result_endpoint,HARD,PASS,"maxErr=0,p99Err=0","<=1e-12","Reported terminal fatigue is recomputed from committed IP history."
Orthogonal_O01_P21_T080_f020,nonnegative_physical_outputs,HARD,PASS,"0",">=-1e-14","Leakage/contact measures cannot be negative."
Orthogonal_O01_P21_T080_f020,degradation_extent_bounds,HARD,PASS,"[0,0]","[0,0.0035]","Connected extent stays inside the seal."
Orthogonal_O01_P21_T080_f020,aging_monotonicity,REVIEW,PASS,"0",">=-1e-8","Scientific trend check, not a completion invariant."
Orthogonal_O01_P21_T080_f020,phase_percentile_monotonicity,REVIEW,PASS,"0",">=-1e-8","Large decreases require an irreversibility review."
Orthogonal_O01_P21_T080_f020,screening_monotonicity,REVIEW,PASS,"0",">=-1e-8","The maximum of irreversible components should not materially decrease."
Orthogonal_O02_P21_T100_f050,end_mat_exists,HARD,PASS,"source_states_parametric/Orthogonal_O02_P21_T100_f050/end.mat","existing end.mat","Final result exists."
Orthogonal_O02_P21_T100_f050,top_level_variables,HARD,PASS,"","mesh,physics,solver,dt,tvec,results,n_max,tmax","Required saved variables."
Orthogonal_O02_P21_T100_f050,saved_controls,HARD,PASS,"dt0=30,nMax=260,tmax=1728000","30 s, 260, 20 days","Campaign controls match the declared run."
Orthogonal_O02_P21_T100_f050,time_finite,HARD,PASS,"0","0","No nonfinite saved time."
Orthogonal_O02_P21_T100_f050,time_strictly_increasing,HARD,PASS,"n=253,minDt=30","t(1)=0 and diff(t)>0","Time vector is complete and ordered."
Orthogonal_O02_P21_T100_f050,time_schedule,HARD,PASS,"points=253,maxError=0","253 points, <=1e-8 s","Reconstructed adaptive schedule must match the saved vector."
Orthogonal_O02_P21_T100_f050,time_coverage,HARD,PASS,"20.063120495389761","(20,20.25] days","main_seal terminates after the first step beyond tmax."
Orthogonal_O02_P21_T100_f050,physics_time_alignment,HARD,PASS,"physics.time=1733453.61080168,physics.dt=21600","1733453.61080168,21600","Saved physics and reporting times agree."
Orthogonal_O02_P21_T100_f050,mesh_manifest,HARD,PASS,"elements=816,uniqueNodes=49x69","816,49x69","Actual Q9 mesh matches the case name."
Orthogonal_O02_P21_T100_f050,mesh_finite,HARD,PASS,"nodes=3381,areaMin=1.75e-05","finite nodes and positive measures","Mesh geometry is usable."
Orthogonal_O02_P21_T100_f050,required_models,HARD,PASS,"SealPhaseFieldDamage,FluidDiffusion,ContactPenalty,ContactPenalty,ContactPenalty,PressureLoad,AgingDegradation,FatigueDamage,Constrainer,Constrainer,Constrainer,LeakagePostProcessor","phase, aging, FatigueDamage at model 8","Post-processing model contract."
Orthogonal_O02_P21_T100_f050,model_manifest,HARD,PASS,"l=0.3mm,P=21MPa,T=100C,f=0.05Hz","0.3,21,100,0.05","Saved model parameters match the canonical manifest."
Orthogonal_O02_P21_T100_f050,scientific_calibration,HARD,PASS,"W0=6e+07,beta=2,base=1e-06,cap=1e-05,mP=1.2,Pref=2.1e+07,kmin=0.005","6e7,2,1e-6,1e-5,1.2,21e6,0.005 and normalized phase weights","The saved run uses the declared scientifically corrected calibration."
Orthogonal_O02_P21_T100_f050,state_finite,HARD,PASS,"0","0","StateVec and StateVec_Old contain no NaN/Inf."
Orthogonal_O02_P21_T100_f050,state_committed,HARD,PASS,"0","relative 1e-10","Final StateVec equals its committed copy."
Orthogonal_O02_P21_T100_f050,history_field,HARD,PASS,"min=0,max=45895.9","finite and >=0","Phase history field is physically admissible."
Orthogonal_O02_P21_T100_f050,solver_log_finite,HARD,PASS,"[1012 4 2]","nonempty and finite","The current solver throws before end.mat on nonconvergence."
Orthogonal_O02_P21_T100_f050,result_fields,HARD,PASS,"","CL_avg,CL_max,LFrac,degradation_connected,phi_avg,phi_p99,alpha_p99,Df_p99,screening_index,alpha_avg,alpha_max,Df_max,totalCycles,leakage_Q,leakage_Q_poiseuille,leakage_kmax,leakage_aperture_max,leakage_path_cost,leakage_path_mean_aperture,leakage_path_min_aperture,leakage_connected,leakage_failed_darcy,leakage_failed_poiseuille,contactPressureMean,contactClosureMean,contact_top_mean,contact_bottom_mean,contact_right_mean,contact_top_max,contact_bottom_max,contact_right_max,Q_allow,leakage_time_darcy,leakage_time_poiseuille","Required time histories."
Orthogonal_O02_P21_T100_f050,result_vector_lengths,HARD,PASS,"253","all vector fields equal numel(tvec)","No truncated/misaligned history."
Orthogonal_O02_P21_T100_f050,result_finite_whitelist,HARD,PASS,"","all except declared sentinels","Only path-cost +Inf and not-crossed time NaN are allowed."
Orthogonal_O02_P21_T100_f050,leakage_path_cost_sentinel,HARD,PASS,"+Inf=1,finite=252","finite >=0 or +Inf","+Inf denotes no finite initial path; NaN/-Inf are invalid."
Orthogonal_O02_P21_T100_f050,leakage_time_darcy_sentinel,HARD,PASS,"crossing=none,flag=0,time=NaN","NaN iff threshold is never crossed","Failure time semantics."
Orthogonal_O02_P21_T100_f050,leakage_time_poiseuille_sentinel,HARD,PASS,"crossing=none,flag=0,time=NaN","NaN iff threshold is never crossed","Failure time semantics."
Orthogonal_O02_P21_T100_f050,reported_normalized_bounds,HARD,PASS,"[0,0.86639]","[0,1]","Reported physical metrics are bounded."
Orthogonal_O02_P21_T100_f050,reported_metric_hierarchy,HARD,PASS,"avg/P99/max","ordered","Basic summary statistics are internally consistent."
Orthogonal_O02_P21_T100_f050,screening_identity,HARD,PASS,"0","<=1e-12","I_S=max(phi_P99,alpha_P99,Df_P99)."
Orthogonal_O02_P21_T100_f050,fatigue_ip_bounds,HARD,PASS,"[0.0826821061619279,0.866389927974822]","[0,1]","Physical fatigue bounds use integration points, not overshooting nodal projection."
Orthogonal_O02_P21_T100_f050,fatigue_trial_committed,HARD,PASS,"0","<=1e-12","Final trial history was committed exactly once."
Orthogonal_O02_P21_T100_f050,fatigue_ip_shape,HARD,PASS,"[816 9]","[816 9]","Every integration point is represented."
Orthogonal_O02_P21_T100_f050,clean_initial_history,HARD,PASS,"N=0,DfMax=0,DfP99=0,I=0","all zero","Rejects a contaminated restart/history at t=0."
Orthogonal_O02_P21_T100_f050,cycles_equal_frequency_time,HARD,PASS,"7.2759576141834259e-12","<=8.66727e-05","N=f*t proves one Timedep commit per saved physical step."
Orthogonal_O02_P21_T100_f050,cycles_model_result_alignment,HARD,PASS,"0","<=8.66727e-05","Model and reporting histories agree."
Orthogonal_O02_P21_T100_f050,fatigue_monotonicity,HARD,PASS,"min dN=1.5,min dMax=1.47477e-06,min dP99=1.44521e-06","all >=-1e-12","Committed fatigue cannot heal."
Orthogonal_O02_P21_T100_f050,fatigue_per_cycle_cap,HARD,PASS,"global=0,step=3.29597e-17","<=1e-10","Detects repeated within-step accumulation despite a capped dD/dN."
Orthogonal_O02_P21_T100_f050,fatigue_result_endpoint,HARD,PASS,"maxErr=0,p99Err=0","<=1e-12","Reported terminal fatigue is recomputed from committed IP history."
Orthogonal_O02_P21_T100_f050,nonnegative_physical_outputs,HARD,PASS,"0",">=-1e-14","Leakage/contact measures cannot be negative."
Orthogonal_O02_P21_T100_f050,degradation_extent_bounds,HARD,PASS,"[0,0]","[0,0.0035]","Connected extent stays inside the seal."
Orthogonal_O02_P21_T100_f050,aging_monotonicity,REVIEW,PASS,"0",">=-1e-8","Scientific trend check, not a completion invariant."
Orthogonal_O02_P21_T100_f050,phase_percentile_monotonicity,REVIEW,PASS,"0",">=-1e-8","Large decreases require an irreversibility review."
Orthogonal_O02_P21_T100_f050,screening_monotonicity,REVIEW,PASS,"0",">=-1e-8","The maximum of irreversible components should not materially decrease."
Orthogonal_O03_P21_T120_f100,end_mat_exists,HARD,PASS,"source_states_parametric/Orthogonal_O03_P21_T120_f100/end.mat","existing end.mat","Final result exists."
Orthogonal_O03_P21_T120_f100,top_level_variables,HARD,PASS,"","mesh,physics,solver,dt,tvec,results,n_max,tmax","Required saved variables."
Orthogonal_O03_P21_T120_f100,saved_controls,HARD,PASS,"dt0=30,nMax=260,tmax=1728000","30 s, 260, 20 days","Campaign controls match the declared run."
Orthogonal_O03_P21_T120_f100,time_finite,HARD,PASS,"0","0","No nonfinite saved time."
Orthogonal_O03_P21_T120_f100,time_strictly_increasing,HARD,PASS,"n=253,minDt=30","t(1)=0 and diff(t)>0","Time vector is complete and ordered."
Orthogonal_O03_P21_T120_f100,time_schedule,HARD,PASS,"points=253,maxError=0","253 points, <=1e-8 s","Reconstructed adaptive schedule must match the saved vector."
Orthogonal_O03_P21_T120_f100,time_coverage,HARD,PASS,"20.063120495389761","(20,20.25] days","main_seal terminates after the first step beyond tmax."
Orthogonal_O03_P21_T120_f100,physics_time_alignment,HARD,PASS,"physics.time=1733453.61080168,physics.dt=21600","1733453.61080168,21600","Saved physics and reporting times agree."
Orthogonal_O03_P21_T120_f100,mesh_manifest,HARD,PASS,"elements=816,uniqueNodes=49x69","816,49x69","Actual Q9 mesh matches the case name."
Orthogonal_O03_P21_T120_f100,mesh_finite,HARD,PASS,"nodes=3381,areaMin=1.75e-05","finite nodes and positive measures","Mesh geometry is usable."
Orthogonal_O03_P21_T120_f100,required_models,HARD,PASS,"SealPhaseFieldDamage,FluidDiffusion,ContactPenalty,ContactPenalty,ContactPenalty,PressureLoad,AgingDegradation,FatigueDamage,Constrainer,Constrainer,Constrainer,LeakagePostProcessor","phase, aging, FatigueDamage at model 8","Post-processing model contract."
Orthogonal_O03_P21_T120_f100,model_manifest,HARD,PASS,"l=0.3mm,P=21MPa,T=120C,f=0.1Hz","0.3,21,120,0.1","Saved model parameters match the canonical manifest."
Orthogonal_O03_P21_T120_f100,scientific_calibration,HARD,PASS,"W0=6e+07,beta=2,base=1e-06,cap=1e-05,mP=1.2,Pref=2.1e+07,kmin=0.005","6e7,2,1e-6,1e-5,1.2,21e6,0.005 and normalized phase weights","The saved run uses the declared scientifically corrected calibration."
Orthogonal_O03_P21_T120_f100,state_finite,HARD,PASS,"0","0","StateVec and StateVec_Old contain no NaN/Inf."
Orthogonal_O03_P21_T120_f100,state_committed,HARD,PASS,"0","relative 1e-10","Final StateVec equals its committed copy."
Orthogonal_O03_P21_T120_f100,history_field,HARD,PASS,"min=0,max=54387.3","finite and >=0","Phase history field is physically admissible."
Orthogonal_O03_P21_T120_f100,solver_log_finite,HARD,PASS,"[1012 4 2]","nonempty and finite","The current solver throws before end.mat on nonconvergence."
Orthogonal_O03_P21_T120_f100,result_fields,HARD,PASS,"","CL_avg,CL_max,LFrac,degradation_connected,phi_avg,phi_p99,alpha_p99,Df_p99,screening_index,alpha_avg,alpha_max,Df_max,totalCycles,leakage_Q,leakage_Q_poiseuille,leakage_kmax,leakage_aperture_max,leakage_path_cost,leakage_path_mean_aperture,leakage_path_min_aperture,leakage_connected,leakage_failed_darcy,leakage_failed_poiseuille,contactPressureMean,contactClosureMean,contact_top_mean,contact_bottom_mean,contact_right_mean,contact_top_max,contact_bottom_max,contact_right_max,Q_allow,leakage_time_darcy,leakage_time_poiseuille","Required time histories."
Orthogonal_O03_P21_T120_f100,result_vector_lengths,HARD,PASS,"253","all vector fields equal numel(tvec)","No truncated/misaligned history."
Orthogonal_O03_P21_T120_f100,result_finite_whitelist,HARD,PASS,"","all except declared sentinels","Only path-cost +Inf and not-crossed time NaN are allowed."
Orthogonal_O03_P21_T120_f100,leakage_path_cost_sentinel,HARD,PASS,"+Inf=1,finite=252","finite >=0 or +Inf","+Inf denotes no finite initial path; NaN/-Inf are invalid."
Orthogonal_O03_P21_T120_f100,leakage_time_darcy_sentinel,HARD,PASS,"crossing=none,flag=0,time=NaN","NaN iff threshold is never crossed","Failure time semantics."
Orthogonal_O03_P21_T120_f100,leakage_time_poiseuille_sentinel,HARD,PASS,"crossing=none,flag=0,time=NaN","NaN iff threshold is never crossed","Failure time semantics."
Orthogonal_O03_P21_T120_f100,reported_normalized_bounds,HARD,PASS,"[0,1]","[0,1]","Reported physical metrics are bounded."
Orthogonal_O03_P21_T120_f100,reported_metric_hierarchy,HARD,PASS,"avg/P99/max","ordered","Basic summary statistics are internally consistent."
Orthogonal_O03_P21_T120_f100,screening_identity,HARD,PASS,"0","<=1e-12","I_S=max(phi_P99,alpha_P99,Df_P99)."
Orthogonal_O03_P21_T120_f100,fatigue_ip_bounds,HARD,PASS,"[0.165356807231833,1]","[0,1]","Physical fatigue bounds use integration points, not overshooting nodal projection."
Orthogonal_O03_P21_T120_f100,fatigue_trial_committed,HARD,PASS,"0","<=1e-12","Final trial history was committed exactly once."
Orthogonal_O03_P21_T120_f100,fatigue_ip_shape,HARD,PASS,"[816 9]","[816 9]","Every integration point is represented."
Orthogonal_O03_P21_T120_f100,clean_initial_history,HARD,PASS,"N=0,DfMax=0,DfP99=0,I=0","all zero","Rejects a contaminated restart/history at t=0."
Orthogonal_O03_P21_T120_f100,cycles_equal_frequency_time,HARD,PASS,"1.4551915228366852e-11","<=0.000173345","N=f*t proves one Timedep commit per saved physical step."
Orthogonal_O03_P21_T120_f100,cycles_model_result_alignment,HARD,PASS,"0","<=0.000173345","Model and reporting histories agree."
Orthogonal_O03_P21_T120_f100,fatigue_monotonicity,HARD,PASS,"min dN=3,min dMax=0,min dP99=2.89041e-06","all >=-1e-12","Committed fatigue cannot heal."
Orthogonal_O03_P21_T120_f100,fatigue_per_cycle_cap,HARD,PASS,"global=0,step=6.59195e-17","<=1e-10","Detects repeated within-step accumulation despite a capped dD/dN."
Orthogonal_O03_P21_T120_f100,fatigue_result_endpoint,HARD,PASS,"maxErr=0,p99Err=0","<=1e-12","Reported terminal fatigue is recomputed from committed IP history."
Orthogonal_O03_P21_T120_f100,nonnegative_physical_outputs,HARD,PASS,"0",">=-1e-14","Leakage/contact measures cannot be negative."
Orthogonal_O03_P21_T120_f100,degradation_extent_bounds,HARD,PASS,"[0,0]","[0,0.0035]","Connected extent stays inside the seal."
Orthogonal_O03_P21_T120_f100,aging_monotonicity,REVIEW,PASS,"0",">=-1e-8","Scientific trend check, not a completion invariant."
Orthogonal_O03_P21_T120_f100,phase_percentile_monotonicity,REVIEW,PASS,"0",">=-1e-8","Large decreases require an irreversibility review."
Orthogonal_O03_P21_T120_f100,screening_monotonicity,REVIEW,PASS,"0",">=-1e-8","The maximum of irreversible components should not materially decrease."
Orthogonal_O04_P28_T080_f050,end_mat_exists,HARD,PASS,"source_states_parametric/Orthogonal_O04_P28_T080_f050/end.mat","existing end.mat","Final result exists."
Orthogonal_O04_P28_T080_f050,top_level_variables,HARD,PASS,"","mesh,physics,solver,dt,tvec,results,n_max,tmax","Required saved variables."
Orthogonal_O04_P28_T080_f050,saved_controls,HARD,PASS,"dt0=30,nMax=260,tmax=1728000","30 s, 260, 20 days","Campaign controls match the declared run."
Orthogonal_O04_P28_T080_f050,time_finite,HARD,PASS,"0","0","No nonfinite saved time."
Orthogonal_O04_P28_T080_f050,time_strictly_increasing,HARD,PASS,"n=253,minDt=30","t(1)=0 and diff(t)>0","Time vector is complete and ordered."
Orthogonal_O04_P28_T080_f050,time_schedule,HARD,PASS,"points=253,maxError=0","253 points, <=1e-8 s","Reconstructed adaptive schedule must match the saved vector."
Orthogonal_O04_P28_T080_f050,time_coverage,HARD,PASS,"20.063120495389761","(20,20.25] days","main_seal terminates after the first step beyond tmax."
Orthogonal_O04_P28_T080_f050,physics_time_alignment,HARD,PASS,"physics.time=1733453.61080168,physics.dt=21600","1733453.61080168,21600","Saved physics and reporting times agree."
Orthogonal_O04_P28_T080_f050,mesh_manifest,HARD,PASS,"elements=816,uniqueNodes=49x69","816,49x69","Actual Q9 mesh matches the case name."
Orthogonal_O04_P28_T080_f050,mesh_finite,HARD,PASS,"nodes=3381,areaMin=1.75e-05","finite nodes and positive measures","Mesh geometry is usable."
Orthogonal_O04_P28_T080_f050,required_models,HARD,PASS,"SealPhaseFieldDamage,FluidDiffusion,ContactPenalty,ContactPenalty,ContactPenalty,PressureLoad,AgingDegradation,FatigueDamage,Constrainer,Constrainer,Constrainer,LeakagePostProcessor","phase, aging, FatigueDamage at model 8","Post-processing model contract."
Orthogonal_O04_P28_T080_f050,model_manifest,HARD,PASS,"l=0.3mm,P=28MPa,T=80C,f=0.05Hz","0.3,28,80,0.05","Saved model parameters match the canonical manifest."
Orthogonal_O04_P28_T080_f050,scientific_calibration,HARD,PASS,"W0=6e+07,beta=2,base=1e-06,cap=1e-05,mP=1.2,Pref=2.1e+07,kmin=0.005","6e7,2,1e-6,1e-5,1.2,21e6,0.005 and normalized phase weights","The saved run uses the declared scientifically corrected calibration."
Orthogonal_O04_P28_T080_f050,state_finite,HARD,PASS,"0","0","StateVec and StateVec_Old contain no NaN/Inf."
Orthogonal_O04_P28_T080_f050,state_committed,HARD,PASS,"0","relative 1e-10","Final StateVec equals its committed copy."
Orthogonal_O04_P28_T080_f050,history_field,HARD,PASS,"min=0,max=49059.9","finite and >=0","Phase history field is physically admissible."
Orthogonal_O04_P28_T080_f050,solver_log_finite,HARD,PASS,"[1012 4 2]","nonempty and finite","The current solver throws before end.mat on nonconvergence."
Orthogonal_O04_P28_T080_f050,result_fields,HARD,PASS,"","CL_avg,CL_max,LFrac,degradation_connected,phi_avg,phi_p99,alpha_p99,Df_p99,screening_index,alpha_avg,alpha_max,Df_max,totalCycles,leakage_Q,leakage_Q_poiseuille,leakage_kmax,leakage_aperture_max,leakage_path_cost,leakage_path_mean_aperture,leakage_path_min_aperture,leakage_connected,leakage_failed_darcy,leakage_failed_poiseuille,contactPressureMean,contactClosureMean,contact_top_mean,contact_bottom_mean,contact_right_mean,contact_top_max,contact_bottom_max,contact_right_max,Q_allow,leakage_time_darcy,leakage_time_poiseuille","Required time histories."
Orthogonal_O04_P28_T080_f050,result_vector_lengths,HARD,PASS,"253","all vector fields equal numel(tvec)","No truncated/misaligned history."
Orthogonal_O04_P28_T080_f050,result_finite_whitelist,HARD,PASS,"","all except declared sentinels","Only path-cost +Inf and not-crossed time NaN are allowed."
Orthogonal_O04_P28_T080_f050,leakage_path_cost_sentinel,HARD,PASS,"+Inf=1,finite=252","finite >=0 or +Inf","+Inf denotes no finite initial path; NaN/-Inf are invalid."
Orthogonal_O04_P28_T080_f050,leakage_time_darcy_sentinel,HARD,PASS,"crossing=none,flag=0,time=NaN","NaN iff threshold is never crossed","Failure time semantics."
Orthogonal_O04_P28_T080_f050,leakage_time_poiseuille_sentinel,HARD,PASS,"crossing=none,flag=0,time=NaN","NaN iff threshold is never crossed","Failure time semantics."
Orthogonal_O04_P28_T080_f050,reported_normalized_bounds,HARD,PASS,"[0,0.86642]","[0,1]","Reported physical metrics are bounded."
Orthogonal_O04_P28_T080_f050,reported_metric_hierarchy,HARD,PASS,"avg/P99/max","ordered","Basic summary statistics are internally consistent."
Orthogonal_O04_P28_T080_f050,screening_identity,HARD,PASS,"0","<=1e-12","I_S=max(phi_P99,alpha_P99,Df_P99)."
Orthogonal_O04_P28_T080_f050,fatigue_ip_bounds,HARD,PASS,"[0.148789589290717,0.866420221188339]","[0,1]","Physical fatigue bounds use integration points, not overshooting nodal projection."
Orthogonal_O04_P28_T080_f050,fatigue_trial_committed,HARD,PASS,"0","<=1e-12","Final trial history was committed exactly once."
Orthogonal_O04_P28_T080_f050,fatigue_ip_shape,HARD,PASS,"[816 9]","[816 9]","Every integration point is represented."
Orthogonal_O04_P28_T080_f050,clean_initial_history,HARD,PASS,"N=0,DfMax=0,DfP99=0,I=0","all zero","Rejects a contaminated restart/history at t=0."
Orthogonal_O04_P28_T080_f050,cycles_equal_frequency_time,HARD,PASS,"7.2759576141834259e-12","<=8.66727e-05","N=f*t proves one Timedep commit per saved physical step."
Orthogonal_O04_P28_T080_f050,cycles_model_result_alignment,HARD,PASS,"0","<=8.66727e-05","Model and reporting histories agree."
Orthogonal_O04_P28_T080_f050,fatigue_monotonicity,HARD,PASS,"min dN=1.5,min dMax=2.63835e-06,min dP99=2.59391e-06","all >=-1e-12","Committed fatigue cannot heal."
Orthogonal_O04_P28_T080_f050,fatigue_per_cycle_cap,HARD,PASS,"global=0,step=3.1225e-17","<=1e-10","Detects repeated within-step accumulation despite a capped dD/dN."
Orthogonal_O04_P28_T080_f050,fatigue_result_endpoint,HARD,PASS,"maxErr=0,p99Err=0","<=1e-12","Reported terminal fatigue is recomputed from committed IP history."
Orthogonal_O04_P28_T080_f050,nonnegative_physical_outputs,HARD,PASS,"0",">=-1e-14","Leakage/contact measures cannot be negative."
Orthogonal_O04_P28_T080_f050,degradation_extent_bounds,HARD,PASS,"[0,0]","[0,0.0035]","Connected extent stays inside the seal."
Orthogonal_O04_P28_T080_f050,aging_monotonicity,REVIEW,PASS,"0",">=-1e-8","Scientific trend check, not a completion invariant."
Orthogonal_O04_P28_T080_f050,phase_percentile_monotonicity,REVIEW,PASS,"0",">=-1e-8","Large decreases require an irreversibility review."
Orthogonal_O04_P28_T080_f050,screening_monotonicity,REVIEW,PASS,"0",">=-1e-8","The maximum of irreversible components should not materially decrease."
Orthogonal_O05_P28_T100_f100,end_mat_exists,HARD,PASS,"source_states_parametric/Orthogonal_O05_P28_T100_f100/end.mat","existing end.mat","Final result exists."
Orthogonal_O05_P28_T100_f100,top_level_variables,HARD,PASS,"","mesh,physics,solver,dt,tvec,results,n_max,tmax","Required saved variables."
Orthogonal_O05_P28_T100_f100,saved_controls,HARD,PASS,"dt0=30,nMax=260,tmax=1728000","30 s, 260, 20 days","Campaign controls match the declared run."
Orthogonal_O05_P28_T100_f100,time_finite,HARD,PASS,"0","0","No nonfinite saved time."
Orthogonal_O05_P28_T100_f100,time_strictly_increasing,HARD,PASS,"n=253,minDt=30","t(1)=0 and diff(t)>0","Time vector is complete and ordered."
Orthogonal_O05_P28_T100_f100,time_schedule,HARD,PASS,"points=253,maxError=0","253 points, <=1e-8 s","Reconstructed adaptive schedule must match the saved vector."
Orthogonal_O05_P28_T100_f100,time_coverage,HARD,PASS,"20.063120495389761","(20,20.25] days","main_seal terminates after the first step beyond tmax."
Orthogonal_O05_P28_T100_f100,physics_time_alignment,HARD,PASS,"physics.time=1733453.61080168,physics.dt=21600","1733453.61080168,21600","Saved physics and reporting times agree."
Orthogonal_O05_P28_T100_f100,mesh_manifest,HARD,PASS,"elements=816,uniqueNodes=49x69","816,49x69","Actual Q9 mesh matches the case name."
Orthogonal_O05_P28_T100_f100,mesh_finite,HARD,PASS,"nodes=3381,areaMin=1.75e-05","finite nodes and positive measures","Mesh geometry is usable."
Orthogonal_O05_P28_T100_f100,required_models,HARD,PASS,"SealPhaseFieldDamage,FluidDiffusion,ContactPenalty,ContactPenalty,ContactPenalty,PressureLoad,AgingDegradation,FatigueDamage,Constrainer,Constrainer,Constrainer,LeakagePostProcessor","phase, aging, FatigueDamage at model 8","Post-processing model contract."
Orthogonal_O05_P28_T100_f100,model_manifest,HARD,PASS,"l=0.3mm,P=28MPa,T=100C,f=0.1Hz","0.3,28,100,0.1","Saved model parameters match the canonical manifest."
Orthogonal_O05_P28_T100_f100,scientific_calibration,HARD,PASS,"W0=6e+07,beta=2,base=1e-06,cap=1e-05,mP=1.2,Pref=2.1e+07,kmin=0.005","6e7,2,1e-6,1e-5,1.2,21e6,0.005 and normalized phase weights","The saved run uses the declared scientifically corrected calibration."
Orthogonal_O05_P28_T100_f100,state_finite,HARD,PASS,"0","0","StateVec and StateVec_Old contain no NaN/Inf."
Orthogonal_O05_P28_T100_f100,state_committed,HARD,PASS,"0","relative 1e-10","Final StateVec equals its committed copy."
Orthogonal_O05_P28_T100_f100,history_field,HARD,PASS,"min=16344.6,max=54066.5","finite and >=0","Phase history field is physically admissible."
Orthogonal_O05_P28_T100_f100,solver_log_finite,HARD,PASS,"[1012 4 2]","nonempty and finite","The current solver throws before end.mat on nonconvergence."
Orthogonal_O05_P28_T100_f100,result_fields,HARD,PASS,"","CL_avg,CL_max,LFrac,degradation_connected,phi_avg,phi_p99,alpha_p99,Df_p99,screening_index,alpha_avg,alpha_max,Df_max,totalCycles,leakage_Q,leakage_Q_poiseuille,leakage_kmax,leakage_aperture_max,leakage_path_cost,leakage_path_mean_aperture,leakage_path_min_aperture,leakage_connected,leakage_failed_darcy,leakage_failed_poiseuille,contactPressureMean,contactClosureMean,contact_top_mean,contact_bottom_mean,contact_right_mean,contact_top_max,contact_bottom_max,contact_right_max,Q_allow,leakage_time_darcy,leakage_time_poiseuille","Required time histories."
Orthogonal_O05_P28_T100_f100,result_vector_lengths,HARD,PASS,"253","all vector fields equal numel(tvec)","No truncated/misaligned history."
Orthogonal_O05_P28_T100_f100,result_finite_whitelist,HARD,PASS,"","all except declared sentinels","Only path-cost +Inf and not-crossed time NaN are allowed."
Orthogonal_O05_P28_T100_f100,leakage_path_cost_sentinel,HARD,PASS,"+Inf=1,finite=252","finite >=0 or +Inf","+Inf denotes no finite initial path; NaN/-Inf are invalid."
Orthogonal_O05_P28_T100_f100,leakage_time_darcy_sentinel,HARD,PASS,"crossing=none,flag=0,time=NaN","NaN iff threshold is never crossed","Failure time semantics."
Orthogonal_O05_P28_T100_f100,leakage_time_poiseuille_sentinel,HARD,PASS,"crossing=none,flag=0,time=NaN","NaN iff threshold is never crossed","Failure time semantics."
Orthogonal_O05_P28_T100_f100,reported_normalized_bounds,HARD,PASS,"[0,1]","[0,1]","Reported physical metrics are bounded."
Orthogonal_O05_P28_T100_f100,reported_metric_hierarchy,HARD,PASS,"avg/P99/max","ordered","Basic summary statistics are internally consistent."
Orthogonal_O05_P28_T100_f100,screening_identity,HARD,PASS,"0","<=1e-12","I_S=max(phi_P99,alpha_P99,Df_P99)."
Orthogonal_O05_P28_T100_f100,fatigue_ip_bounds,HARD,PASS,"[0.297560852710803,1]","[0,1]","Physical fatigue bounds use integration points, not overshooting nodal projection."
Orthogonal_O05_P28_T100_f100,fatigue_trial_committed,HARD,PASS,"0","<=1e-12","Final trial history was committed exactly once."
Orthogonal_O05_P28_T100_f100,fatigue_ip_shape,HARD,PASS,"[816 9]","[816 9]","Every integration point is represented."
Orthogonal_O05_P28_T100_f100,clean_initial_history,HARD,PASS,"N=0,DfMax=0,DfP99=0,I=0","all zero","Rejects a contaminated restart/history at t=0."
Orthogonal_O05_P28_T100_f100,cycles_equal_frequency_time,HARD,PASS,"1.4551915228366852e-11","<=0.000173345","N=f*t proves one Timedep commit per saved physical step."
Orthogonal_O05_P28_T100_f100,cycles_model_result_alignment,HARD,PASS,"0","<=0.000173345","Model and reporting histories agree."
Orthogonal_O05_P28_T100_f100,fatigue_monotonicity,HARD,PASS,"min dN=3,min dMax=0,min dP99=5.18781e-06","all >=-1e-12","Committed fatigue cannot heal."
Orthogonal_O05_P28_T100_f100,fatigue_per_cycle_cap,HARD,PASS,"global=0,step=4.51028e-17","<=1e-10","Detects repeated within-step accumulation despite a capped dD/dN."
Orthogonal_O05_P28_T100_f100,fatigue_result_endpoint,HARD,PASS,"maxErr=0,p99Err=0","<=1e-12","Reported terminal fatigue is recomputed from committed IP history."
Orthogonal_O05_P28_T100_f100,nonnegative_physical_outputs,HARD,PASS,"0",">=-1e-14","Leakage/contact measures cannot be negative."
Orthogonal_O05_P28_T100_f100,degradation_extent_bounds,HARD,PASS,"[0,0]","[0,0.0035]","Connected extent stays inside the seal."
Orthogonal_O05_P28_T100_f100,aging_monotonicity,REVIEW,PASS,"0",">=-1e-8","Scientific trend check, not a completion invariant."
Orthogonal_O05_P28_T100_f100,phase_percentile_monotonicity,REVIEW,PASS,"0",">=-1e-8","Large decreases require an irreversibility review."
Orthogonal_O05_P28_T100_f100,screening_monotonicity,REVIEW,PASS,"0",">=-1e-8","The maximum of irreversible components should not materially decrease."
Orthogonal_O06_P28_T120_f020,end_mat_exists,HARD,PASS,"source_states_parametric/Orthogonal_O06_P28_T120_f020/end.mat","existing end.mat","Final result exists."
Orthogonal_O06_P28_T120_f020,top_level_variables,HARD,PASS,"","mesh,physics,solver,dt,tvec,results,n_max,tmax","Required saved variables."
Orthogonal_O06_P28_T120_f020,saved_controls,HARD,PASS,"dt0=30,nMax=260,tmax=1728000","30 s, 260, 20 days","Campaign controls match the declared run."
Orthogonal_O06_P28_T120_f020,time_finite,HARD,PASS,"0","0","No nonfinite saved time."
Orthogonal_O06_P28_T120_f020,time_strictly_increasing,HARD,PASS,"n=253,minDt=30","t(1)=0 and diff(t)>0","Time vector is complete and ordered."
Orthogonal_O06_P28_T120_f020,time_schedule,HARD,PASS,"points=253,maxError=0","253 points, <=1e-8 s","Reconstructed adaptive schedule must match the saved vector."
Orthogonal_O06_P28_T120_f020,time_coverage,HARD,PASS,"20.063120495389761","(20,20.25] days","main_seal terminates after the first step beyond tmax."
Orthogonal_O06_P28_T120_f020,physics_time_alignment,HARD,PASS,"physics.time=1733453.61080168,physics.dt=21600","1733453.61080168,21600","Saved physics and reporting times agree."
Orthogonal_O06_P28_T120_f020,mesh_manifest,HARD,PASS,"elements=816,uniqueNodes=49x69","816,49x69","Actual Q9 mesh matches the case name."
Orthogonal_O06_P28_T120_f020,mesh_finite,HARD,PASS,"nodes=3381,areaMin=1.75e-05","finite nodes and positive measures","Mesh geometry is usable."
Orthogonal_O06_P28_T120_f020,required_models,HARD,PASS,"SealPhaseFieldDamage,FluidDiffusion,ContactPenalty,ContactPenalty,ContactPenalty,PressureLoad,AgingDegradation,FatigueDamage,Constrainer,Constrainer,Constrainer,LeakagePostProcessor","phase, aging, FatigueDamage at model 8","Post-processing model contract."
Orthogonal_O06_P28_T120_f020,model_manifest,HARD,PASS,"l=0.3mm,P=28MPa,T=120C,f=0.02Hz","0.3,28,120,0.02","Saved model parameters match the canonical manifest."
Orthogonal_O06_P28_T120_f020,scientific_calibration,HARD,PASS,"W0=6e+07,beta=2,base=1e-06,cap=1e-05,mP=1.2,Pref=2.1e+07,kmin=0.005","6e7,2,1e-6,1e-5,1.2,21e6,0.005 and normalized phase weights","The saved run uses the declared scientifically corrected calibration."
Orthogonal_O06_P28_T120_f020,state_finite,HARD,PASS,"0","0","StateVec and StateVec_Old contain no NaN/Inf."
Orthogonal_O06_P28_T120_f020,state_committed,HARD,PASS,"0","relative 1e-10","Final StateVec equals its committed copy."
Orthogonal_O06_P28_T120_f020,history_field,HARD,PASS,"min=0,max=51021.8","finite and >=0","Phase history field is physically admissible."
Orthogonal_O06_P28_T120_f020,solver_log_finite,HARD,PASS,"[1012 4 2]","nonempty and finite","The current solver throws before end.mat on nonconvergence."
Orthogonal_O06_P28_T120_f020,result_fields,HARD,PASS,"","CL_avg,CL_max,LFrac,degradation_connected,phi_avg,phi_p99,alpha_p99,Df_p99,screening_index,alpha_avg,alpha_max,Df_max,totalCycles,leakage_Q,leakage_Q_poiseuille,leakage_kmax,leakage_aperture_max,leakage_path_cost,leakage_path_mean_aperture,leakage_path_min_aperture,leakage_connected,leakage_failed_darcy,leakage_failed_poiseuille,contactPressureMean,contactClosureMean,contact_top_mean,contact_bottom_mean,contact_right_mean,contact_top_max,contact_bottom_max,contact_right_max,Q_allow,leakage_time_darcy,leakage_time_poiseuille","Required time histories."
Orthogonal_O06_P28_T120_f020,result_vector_lengths,HARD,PASS,"253","all vector fields equal numel(tvec)","No truncated/misaligned history."
Orthogonal_O06_P28_T120_f020,result_finite_whitelist,HARD,PASS,"","all except declared sentinels","Only path-cost +Inf and not-crossed time NaN are allowed."
Orthogonal_O06_P28_T120_f020,leakage_path_cost_sentinel,HARD,PASS,"+Inf=1,finite=252","finite >=0 or +Inf","+Inf denotes no finite initial path; NaN/-Inf are invalid."
Orthogonal_O06_P28_T120_f020,leakage_time_darcy_sentinel,HARD,PASS,"crossing=none,flag=0,time=NaN","NaN iff threshold is never crossed","Failure time semantics."
Orthogonal_O06_P28_T120_f020,leakage_time_poiseuille_sentinel,HARD,PASS,"crossing=none,flag=0,time=NaN","NaN iff threshold is never crossed","Failure time semantics."
Orthogonal_O06_P28_T120_f020,reported_normalized_bounds,HARD,PASS,"[0,0.649999]","[0,1]","Reported physical metrics are bounded."
Orthogonal_O06_P28_T120_f020,reported_metric_hierarchy,HARD,PASS,"avg/P99/max","ordered","Basic summary statistics are internally consistent."
Orthogonal_O06_P28_T120_f020,screening_identity,HARD,PASS,"0","<=1e-12","I_S=max(phi_P99,alpha_P99,Df_P99)."
Orthogonal_O06_P28_T120_f020,fatigue_ip_bounds,HARD,PASS,"[0.0595116199186733,0.346568088475335]","[0,1]","Physical fatigue bounds use integration points, not overshooting nodal projection."
Orthogonal_O06_P28_T120_f020,fatigue_trial_committed,HARD,PASS,"0","<=1e-12","Final trial history was committed exactly once."
Orthogonal_O06_P28_T120_f020,fatigue_ip_shape,HARD,PASS,"[816 9]","[816 9]","Every integration point is represented."
Orthogonal_O06_P28_T120_f020,clean_initial_history,HARD,PASS,"N=0,DfMax=0,DfP99=0,I=0","all zero","Rejects a contaminated restart/history at t=0."
Orthogonal_O06_P28_T120_f020,cycles_equal_frequency_time,HARD,PASS,"7.2759576141834259e-12","<=3.46691e-05","N=f*t proves one Timedep commit per saved physical step."
Orthogonal_O06_P28_T120_f020,cycles_model_result_alignment,HARD,PASS,"0","<=3.46691e-05","Model and reporting histories agree."
Orthogonal_O06_P28_T120_f020,fatigue_monotonicity,HARD,PASS,"min dN=0.6,min dMax=1.05534e-06,min dP99=1.03756e-06","all >=-1e-12","Committed fatigue cannot heal."
Orthogonal_O06_P28_T120_f020,fatigue_per_cycle_cap,HARD,PASS,"global=0,step=9.1073e-18","<=1e-10","Detects repeated within-step accumulation despite a capped dD/dN."
Orthogonal_O06_P28_T120_f020,fatigue_result_endpoint,HARD,PASS,"maxErr=0,p99Err=0","<=1e-12","Reported terminal fatigue is recomputed from committed IP history."
Orthogonal_O06_P28_T120_f020,nonnegative_physical_outputs,HARD,PASS,"0",">=-1e-14","Leakage/contact measures cannot be negative."
Orthogonal_O06_P28_T120_f020,degradation_extent_bounds,HARD,PASS,"[0,0]","[0,0.0035]","Connected extent stays inside the seal."
Orthogonal_O06_P28_T120_f020,aging_monotonicity,REVIEW,PASS,"0",">=-1e-8","Scientific trend check, not a completion invariant."
Orthogonal_O06_P28_T120_f020,phase_percentile_monotonicity,REVIEW,PASS,"0",">=-1e-8","Large decreases require an irreversibility review."
Orthogonal_O06_P28_T120_f020,screening_monotonicity,REVIEW,PASS,"0",">=-1e-8","The maximum of irreversible components should not materially decrease."
Orthogonal_O07_P35_T080_f100,end_mat_exists,HARD,PASS,"source_states_parametric/Orthogonal_O07_P35_T080_f100/end.mat","existing end.mat","Final result exists."
Orthogonal_O07_P35_T080_f100,top_level_variables,HARD,PASS,"","mesh,physics,solver,dt,tvec,results,n_max,tmax","Required saved variables."
Orthogonal_O07_P35_T080_f100,saved_controls,HARD,PASS,"dt0=30,nMax=260,tmax=1728000","30 s, 260, 20 days","Campaign controls match the declared run."
Orthogonal_O07_P35_T080_f100,time_finite,HARD,PASS,"0","0","No nonfinite saved time."
Orthogonal_O07_P35_T080_f100,time_strictly_increasing,HARD,PASS,"n=253,minDt=30","t(1)=0 and diff(t)>0","Time vector is complete and ordered."
Orthogonal_O07_P35_T080_f100,time_schedule,HARD,PASS,"points=253,maxError=0","253 points, <=1e-8 s","Reconstructed adaptive schedule must match the saved vector."
Orthogonal_O07_P35_T080_f100,time_coverage,HARD,PASS,"20.063120495389761","(20,20.25] days","main_seal terminates after the first step beyond tmax."
Orthogonal_O07_P35_T080_f100,physics_time_alignment,HARD,PASS,"physics.time=1733453.61080168,physics.dt=21600","1733453.61080168,21600","Saved physics and reporting times agree."
Orthogonal_O07_P35_T080_f100,mesh_manifest,HARD,PASS,"elements=816,uniqueNodes=49x69","816,49x69","Actual Q9 mesh matches the case name."
Orthogonal_O07_P35_T080_f100,mesh_finite,HARD,PASS,"nodes=3381,areaMin=1.75e-05","finite nodes and positive measures","Mesh geometry is usable."
Orthogonal_O07_P35_T080_f100,required_models,HARD,PASS,"SealPhaseFieldDamage,FluidDiffusion,ContactPenalty,ContactPenalty,ContactPenalty,PressureLoad,AgingDegradation,FatigueDamage,Constrainer,Constrainer,Constrainer,LeakagePostProcessor","phase, aging, FatigueDamage at model 8","Post-processing model contract."
Orthogonal_O07_P35_T080_f100,model_manifest,HARD,PASS,"l=0.3mm,P=35MPa,T=80C,f=0.1Hz","0.3,35,80,0.1","Saved model parameters match the canonical manifest."
Orthogonal_O07_P35_T080_f100,scientific_calibration,HARD,PASS,"W0=6e+07,beta=2,base=1e-06,cap=1e-05,mP=1.2,Pref=2.1e+07,kmin=0.005","6e7,2,1e-6,1e-5,1.2,21e6,0.005 and normalized phase weights","The saved run uses the declared scientifically corrected calibration."
Orthogonal_O07_P35_T080_f100,state_finite,HARD,PASS,"0","0","StateVec and StateVec_Old contain no NaN/Inf."
Orthogonal_O07_P35_T080_f100,state_committed,HARD,PASS,"0","relative 1e-10","Final StateVec equals its committed copy."
Orthogonal_O07_P35_T080_f100,history_field,HARD,PASS,"min=41537.6,max=57107.5","finite and >=0","Phase history field is physically admissible."
Orthogonal_O07_P35_T080_f100,solver_log_finite,HARD,PASS,"[1012 4 2]","nonempty and finite","The current solver throws before end.mat on nonconvergence."
Orthogonal_O07_P35_T080_f100,result_fields,HARD,PASS,"","CL_avg,CL_max,LFrac,degradation_connected,phi_avg,phi_p99,alpha_p99,Df_p99,screening_index,alpha_avg,alpha_max,Df_max,totalCycles,leakage_Q,leakage_Q_poiseuille,leakage_kmax,leakage_aperture_max,leakage_path_cost,leakage_path_mean_aperture,leakage_path_min_aperture,leakage_connected,leakage_failed_darcy,leakage_failed_poiseuille,contactPressureMean,contactClosureMean,contact_top_mean,contact_bottom_mean,contact_right_mean,contact_top_max,contact_bottom_max,contact_right_max,Q_allow,leakage_time_darcy,leakage_time_poiseuille","Required time histories."
Orthogonal_O07_P35_T080_f100,result_vector_lengths,HARD,PASS,"253","all vector fields equal numel(tvec)","No truncated/misaligned history."
Orthogonal_O07_P35_T080_f100,result_finite_whitelist,HARD,PASS,"","all except declared sentinels","Only path-cost +Inf and not-crossed time NaN are allowed."
Orthogonal_O07_P35_T080_f100,leakage_path_cost_sentinel,HARD,PASS,"+Inf=1,finite=252","finite >=0 or +Inf","+Inf denotes no finite initial path; NaN/-Inf are invalid."
Orthogonal_O07_P35_T080_f100,leakage_time_darcy_sentinel,HARD,PASS,"crossing=218,expected=11.3131204953898,time=11.3131204953898","NaN iff threshold is never crossed","Failure time semantics."
Orthogonal_O07_P35_T080_f100,leakage_time_poiseuille_sentinel,HARD,PASS,"crossing=none,flag=0,time=NaN","NaN iff threshold is never crossed","Failure time semantics."
Orthogonal_O07_P35_T080_f100,reported_normalized_bounds,HARD,PASS,"[0,1]","[0,1]","Reported physical metrics are bounded."
Orthogonal_O07_P35_T080_f100,reported_metric_hierarchy,HARD,PASS,"avg/P99/max","ordered","Basic summary statistics are internally consistent."
Orthogonal_O07_P35_T080_f100,screening_identity,HARD,PASS,"0","<=1e-12","I_S=max(phi_P99,alpha_P99,Df_P99)."
Orthogonal_O07_P35_T080_f100,fatigue_ip_bounds,HARD,PASS,"[0.46828315254581,1]","[0,1]","Physical fatigue bounds use integration points, not overshooting nodal projection."
Orthogonal_O07_P35_T080_f100,fatigue_trial_committed,HARD,PASS,"0","<=1e-12","Final trial history was committed exactly once."
Orthogonal_O07_P35_T080_f100,fatigue_ip_shape,HARD,PASS,"[816 9]","[816 9]","Every integration point is represented."
Orthogonal_O07_P35_T080_f100,clean_initial_history,HARD,PASS,"N=0,DfMax=0,DfP99=0,I=0","all zero","Rejects a contaminated restart/history at t=0."
Orthogonal_O07_P35_T080_f100,cycles_equal_frequency_time,HARD,PASS,"1.4551915228366852e-11","<=0.000173345","N=f*t proves one Timedep commit per saved physical step."
Orthogonal_O07_P35_T080_f100,cycles_model_result_alignment,HARD,PASS,"0","<=0.000173345","Model and reporting histories agree."
Orthogonal_O07_P35_T080_f100,fatigue_monotonicity,HARD,PASS,"min dN=3,min dMax=0,min dP99=8.1521e-06","all >=-1e-12","Committed fatigue cannot heal."
Orthogonal_O07_P35_T080_f100,fatigue_per_cycle_cap,HARD,PASS,"global=0,step=6.59195e-17","<=1e-10","Detects repeated within-step accumulation despite a capped dD/dN."
Orthogonal_O07_P35_T080_f100,fatigue_result_endpoint,HARD,PASS,"maxErr=0,p99Err=0","<=1e-12","Reported terminal fatigue is recomputed from committed IP history."
Orthogonal_O07_P35_T080_f100,nonnegative_physical_outputs,HARD,PASS,"0",">=-1e-14","Leakage/contact measures cannot be negative."
Orthogonal_O07_P35_T080_f100,degradation_extent_bounds,HARD,PASS,"[0,0]","[0,0.0035]","Connected extent stays inside the seal."
Orthogonal_O07_P35_T080_f100,aging_monotonicity,REVIEW,PASS,"0",">=-1e-8","Scientific trend check, not a completion invariant."
Orthogonal_O07_P35_T080_f100,phase_percentile_monotonicity,REVIEW,PASS,"0",">=-1e-8","Large decreases require an irreversibility review."
Orthogonal_O07_P35_T080_f100,screening_monotonicity,REVIEW,PASS,"0",">=-1e-8","The maximum of irreversible components should not materially decrease."
Orthogonal_O08_P35_T100_f020,end_mat_exists,HARD,PASS,"source_states_parametric/Orthogonal_O08_P35_T100_f020/end.mat","existing end.mat","Final result exists."
Orthogonal_O08_P35_T100_f020,top_level_variables,HARD,PASS,"","mesh,physics,solver,dt,tvec,results,n_max,tmax","Required saved variables."
Orthogonal_O08_P35_T100_f020,saved_controls,HARD,PASS,"dt0=30,nMax=260,tmax=1728000","30 s, 260, 20 days","Campaign controls match the declared run."
Orthogonal_O08_P35_T100_f020,time_finite,HARD,PASS,"0","0","No nonfinite saved time."
Orthogonal_O08_P35_T100_f020,time_strictly_increasing,HARD,PASS,"n=253,minDt=30","t(1)=0 and diff(t)>0","Time vector is complete and ordered."
Orthogonal_O08_P35_T100_f020,time_schedule,HARD,PASS,"points=253,maxError=0","253 points, <=1e-8 s","Reconstructed adaptive schedule must match the saved vector."
Orthogonal_O08_P35_T100_f020,time_coverage,HARD,PASS,"20.063120495389761","(20,20.25] days","main_seal terminates after the first step beyond tmax."
Orthogonal_O08_P35_T100_f020,physics_time_alignment,HARD,PASS,"physics.time=1733453.61080168,physics.dt=21600","1733453.61080168,21600","Saved physics and reporting times agree."
Orthogonal_O08_P35_T100_f020,mesh_manifest,HARD,PASS,"elements=816,uniqueNodes=49x69","816,49x69","Actual Q9 mesh matches the case name."
Orthogonal_O08_P35_T100_f020,mesh_finite,HARD,PASS,"nodes=3381,areaMin=1.75e-05","finite nodes and positive measures","Mesh geometry is usable."
Orthogonal_O08_P35_T100_f020,required_models,HARD,PASS,"SealPhaseFieldDamage,FluidDiffusion,ContactPenalty,ContactPenalty,ContactPenalty,PressureLoad,AgingDegradation,FatigueDamage,Constrainer,Constrainer,Constrainer,LeakagePostProcessor","phase, aging, FatigueDamage at model 8","Post-processing model contract."
Orthogonal_O08_P35_T100_f020,model_manifest,HARD,PASS,"l=0.3mm,P=35MPa,T=100C,f=0.02Hz","0.3,35,100,0.02","Saved model parameters match the canonical manifest."
Orthogonal_O08_P35_T100_f020,scientific_calibration,HARD,PASS,"W0=6e+07,beta=2,base=1e-06,cap=1e-05,mP=1.2,Pref=2.1e+07,kmin=0.005","6e7,2,1e-6,1e-5,1.2,21e6,0.005 and normalized phase weights","The saved run uses the declared scientifically corrected calibration."
Orthogonal_O08_P35_T100_f020,state_finite,HARD,PASS,"0","0","StateVec and StateVec_Old contain no NaN/Inf."
Orthogonal_O08_P35_T100_f020,state_committed,HARD,PASS,"0","relative 1e-10","Final StateVec equals its committed copy."
Orthogonal_O08_P35_T100_f020,history_field,HARD,PASS,"min=11457.7,max=48149.2","finite and >=0","Phase history field is physically admissible."
Orthogonal_O08_P35_T100_f020,solver_log_finite,HARD,PASS,"[1012 4 2]","nonempty and finite","The current solver throws before end.mat on nonconvergence."
Orthogonal_O08_P35_T100_f020,result_fields,HARD,PASS,"","CL_avg,CL_max,LFrac,degradation_connected,phi_avg,phi_p99,alpha_p99,Df_p99,screening_index,alpha_avg,alpha_max,Df_max,totalCycles,leakage_Q,leakage_Q_poiseuille,leakage_kmax,leakage_aperture_max,leakage_path_cost,leakage_path_mean_aperture,leakage_path_min_aperture,leakage_connected,leakage_failed_darcy,leakage_failed_poiseuille,contactPressureMean,contactClosureMean,contact_top_mean,contact_bottom_mean,contact_right_mean,contact_top_max,contact_bottom_max,contact_right_max,Q_allow,leakage_time_darcy,leakage_time_poiseuille","Required time histories."
Orthogonal_O08_P35_T100_f020,result_vector_lengths,HARD,PASS,"253","all vector fields equal numel(tvec)","No truncated/misaligned history."
Orthogonal_O08_P35_T100_f020,result_finite_whitelist,HARD,PASS,"","all except declared sentinels","Only path-cost +Inf and not-crossed time NaN are allowed."
Orthogonal_O08_P35_T100_f020,leakage_path_cost_sentinel,HARD,PASS,"+Inf=1,finite=252","finite >=0 or +Inf","+Inf denotes no finite initial path; NaN/-Inf are invalid."
Orthogonal_O08_P35_T100_f020,leakage_time_darcy_sentinel,HARD,PASS,"crossing=none,flag=0,time=NaN","NaN iff threshold is never crossed","Failure time semantics."
Orthogonal_O08_P35_T100_f020,leakage_time_poiseuille_sentinel,HARD,PASS,"crossing=none,flag=0,time=NaN","NaN iff threshold is never crossed","Failure time semantics."
Orthogonal_O08_P35_T100_f020,reported_normalized_bounds,HARD,PASS,"[0,0.65]","[0,1]","Reported physical metrics are bounded."
Orthogonal_O08_P35_T100_f020,reported_metric_hierarchy,HARD,PASS,"avg/P99/max","ordered","Basic summary statistics are internally consistent."
Orthogonal_O08_P35_T100_f020,screening_identity,HARD,PASS,"0","<=1e-12","I_S=max(phi_P99,alpha_P99,Df_P99)."
Orthogonal_O08_P35_T100_f020,fatigue_ip_bounds,HARD,PASS,"[0.0936641130915802,0.346583710245561]","[0,1]","Physical fatigue bounds use integration points, not overshooting nodal projection."
Orthogonal_O08_P35_T100_f020,fatigue_trial_committed,HARD,PASS,"0","<=1e-12","Final trial history was committed exactly once."
Orthogonal_O08_P35_T100_f020,fatigue_ip_shape,HARD,PASS,"[816 9]","[816 9]","Every integration point is represented."
Orthogonal_O08_P35_T100_f020,clean_initial_history,HARD,PASS,"N=0,DfMax=0,DfP99=0,I=0","all zero","Rejects a contaminated restart/history at t=0."
Orthogonal_O08_P35_T100_f020,cycles_equal_frequency_time,HARD,PASS,"7.2759576141834259e-12","<=3.46691e-05","N=f*t proves one Timedep commit per saved physical step."
Orthogonal_O08_P35_T100_f020,cycles_model_result_alignment,HARD,PASS,"0","<=3.46691e-05","Model and reporting histories agree."
Orthogonal_O08_P35_T100_f020,fatigue_monotonicity,HARD,PASS,"min dN=0.6,min dMax=1.6544e-06,min dP99=1.63042e-06","all >=-1e-12","Committed fatigue cannot heal."
Orthogonal_O08_P35_T100_f020,fatigue_per_cycle_cap,HARD,PASS,"global=0,step=9.1073e-18","<=1e-10","Detects repeated within-step accumulation despite a capped dD/dN."
Orthogonal_O08_P35_T100_f020,fatigue_result_endpoint,HARD,PASS,"maxErr=0,p99Err=0","<=1e-12","Reported terminal fatigue is recomputed from committed IP history."
Orthogonal_O08_P35_T100_f020,nonnegative_physical_outputs,HARD,PASS,"0",">=-1e-14","Leakage/contact measures cannot be negative."
Orthogonal_O08_P35_T100_f020,degradation_extent_bounds,HARD,PASS,"[0,0]","[0,0.0035]","Connected extent stays inside the seal."
Orthogonal_O08_P35_T100_f020,aging_monotonicity,REVIEW,PASS,"0",">=-1e-8","Scientific trend check, not a completion invariant."
Orthogonal_O08_P35_T100_f020,phase_percentile_monotonicity,REVIEW,PASS,"0",">=-1e-8","Large decreases require an irreversibility review."
Orthogonal_O08_P35_T100_f020,screening_monotonicity,REVIEW,PASS,"0",">=-1e-8","The maximum of irreversible components should not materially decrease."
Orthogonal_O09_P35_T120_f050,end_mat_exists,HARD,PASS,"source_states_parametric/Orthogonal_O09_P35_T120_f050/end.mat","existing end.mat","Final result exists."
Orthogonal_O09_P35_T120_f050,top_level_variables,HARD,PASS,"","mesh,physics,solver,dt,tvec,results,n_max,tmax","Required saved variables."
Orthogonal_O09_P35_T120_f050,saved_controls,HARD,PASS,"dt0=30,nMax=260,tmax=1728000","30 s, 260, 20 days","Campaign controls match the declared run."
Orthogonal_O09_P35_T120_f050,time_finite,HARD,PASS,"0","0","No nonfinite saved time."
Orthogonal_O09_P35_T120_f050,time_strictly_increasing,HARD,PASS,"n=253,minDt=30","t(1)=0 and diff(t)>0","Time vector is complete and ordered."
Orthogonal_O09_P35_T120_f050,time_schedule,HARD,PASS,"points=253,maxError=0","253 points, <=1e-8 s","Reconstructed adaptive schedule must match the saved vector."
Orthogonal_O09_P35_T120_f050,time_coverage,HARD,PASS,"20.063120495389761","(20,20.25] days","main_seal terminates after the first step beyond tmax."
Orthogonal_O09_P35_T120_f050,physics_time_alignment,HARD,PASS,"physics.time=1733453.61080168,physics.dt=21600","1733453.61080168,21600","Saved physics and reporting times agree."
Orthogonal_O09_P35_T120_f050,mesh_manifest,HARD,PASS,"elements=816,uniqueNodes=49x69","816,49x69","Actual Q9 mesh matches the case name."
Orthogonal_O09_P35_T120_f050,mesh_finite,HARD,PASS,"nodes=3381,areaMin=1.75e-05","finite nodes and positive measures","Mesh geometry is usable."
Orthogonal_O09_P35_T120_f050,required_models,HARD,PASS,"SealPhaseFieldDamage,FluidDiffusion,ContactPenalty,ContactPenalty,ContactPenalty,PressureLoad,AgingDegradation,FatigueDamage,Constrainer,Constrainer,Constrainer,LeakagePostProcessor","phase, aging, FatigueDamage at model 8","Post-processing model contract."
Orthogonal_O09_P35_T120_f050,model_manifest,HARD,PASS,"l=0.3mm,P=35MPa,T=120C,f=0.05Hz","0.3,35,120,0.05","Saved model parameters match the canonical manifest."
Orthogonal_O09_P35_T120_f050,scientific_calibration,HARD,PASS,"W0=6e+07,beta=2,base=1e-06,cap=1e-05,mP=1.2,Pref=2.1e+07,kmin=0.005","6e7,2,1e-6,1e-5,1.2,21e6,0.005 and normalized phase weights","The saved run uses the declared scientifically corrected calibration."
Orthogonal_O09_P35_T120_f050,state_finite,HARD,PASS,"0","0","StateVec and StateVec_Old contain no NaN/Inf."
Orthogonal_O09_P35_T120_f050,state_committed,HARD,PASS,"0","relative 1e-10","Final StateVec equals its committed copy."
Orthogonal_O09_P35_T120_f050,history_field,HARD,PASS,"min=23751.6,max=69707","finite and >=0","Phase history field is physically admissible."
Orthogonal_O09_P35_T120_f050,solver_log_finite,HARD,PASS,"[1012 4 2]","nonempty and finite","The current solver throws before end.mat on nonconvergence."
Orthogonal_O09_P35_T120_f050,result_fields,HARD,PASS,"","CL_avg,CL_max,LFrac,degradation_connected,phi_avg,phi_p99,alpha_p99,Df_p99,screening_index,alpha_avg,alpha_max,Df_max,totalCycles,leakage_Q,leakage_Q_poiseuille,leakage_kmax,leakage_aperture_max,leakage_path_cost,leakage_path_mean_aperture,leakage_path_min_aperture,leakage_connected,leakage_failed_darcy,leakage_failed_poiseuille,contactPressureMean,contactClosureMean,contact_top_mean,contact_bottom_mean,contact_right_mean,contact_top_max,contact_bottom_max,contact_right_max,Q_allow,leakage_time_darcy,leakage_time_poiseuille","Required time histories."
Orthogonal_O09_P35_T120_f050,result_vector_lengths,HARD,PASS,"253","all vector fields equal numel(tvec)","No truncated/misaligned history."
Orthogonal_O09_P35_T120_f050,result_finite_whitelist,HARD,PASS,"","all except declared sentinels","Only path-cost +Inf and not-crossed time NaN are allowed."
Orthogonal_O09_P35_T120_f050,leakage_path_cost_sentinel,HARD,PASS,"+Inf=1,finite=252","finite >=0 or +Inf","+Inf denotes no finite initial path; NaN/-Inf are invalid."
Orthogonal_O09_P35_T120_f050,leakage_time_darcy_sentinel,HARD,PASS,"crossing=231,expected=14.5631204953898,time=14.5631204953898","NaN iff threshold is never crossed","Failure time semantics."
Orthogonal_O09_P35_T120_f050,leakage_time_poiseuille_sentinel,HARD,PASS,"crossing=none,flag=0,time=NaN","NaN iff threshold is never crossed","Failure time semantics."
Orthogonal_O09_P35_T120_f050,reported_normalized_bounds,HARD,PASS,"[0,0.866459]","[0,1]","Reported physical metrics are bounded."
Orthogonal_O09_P35_T120_f050,reported_metric_hierarchy,HARD,PASS,"avg/P99/max","ordered","Basic summary statistics are internally consistent."
Orthogonal_O09_P35_T120_f050,screening_identity,HARD,PASS,"0","<=1e-12","I_S=max(phi_P99,alpha_P99,Df_P99)."
Orthogonal_O09_P35_T120_f050,fatigue_ip_bounds,HARD,PASS,"[0.234124809161367,0.866459275613905]","[0,1]","Physical fatigue bounds use integration points, not overshooting nodal projection."
Orthogonal_O09_P35_T120_f050,fatigue_trial_committed,HARD,PASS,"0","<=1e-12","Final trial history was committed exactly once."
Orthogonal_O09_P35_T120_f050,fatigue_ip_shape,HARD,PASS,"[816 9]","[816 9]","Every integration point is represented."
Orthogonal_O09_P35_T120_f050,clean_initial_history,HARD,PASS,"N=0,DfMax=0,DfP99=0,I=0","all zero","Rejects a contaminated restart/history at t=0."
Orthogonal_O09_P35_T120_f050,cycles_equal_frequency_time,HARD,PASS,"7.2759576141834259e-12","<=8.66727e-05","N=f*t proves one Timedep commit per saved physical step."
Orthogonal_O09_P35_T120_f050,cycles_model_result_alignment,HARD,PASS,"0","<=8.66727e-05","Model and reporting histories agree."
Orthogonal_O09_P35_T120_f050,fatigue_monotonicity,HARD,PASS,"min dN=1.5,min dMax=4.136e-06,min dP99=4.07605e-06","all >=-1e-12","Committed fatigue cannot heal."
Orthogonal_O09_P35_T120_f050,fatigue_per_cycle_cap,HARD,PASS,"global=0,step=3.29597e-17","<=1e-10","Detects repeated within-step accumulation despite a capped dD/dN."
Orthogonal_O09_P35_T120_f050,fatigue_result_endpoint,HARD,PASS,"maxErr=0,p99Err=0","<=1e-12","Reported terminal fatigue is recomputed from committed IP history."
Orthogonal_O09_P35_T120_f050,nonnegative_physical_outputs,HARD,PASS,"0",">=-1e-14","Leakage/contact measures cannot be negative."
Orthogonal_O09_P35_T120_f050,degradation_extent_bounds,HARD,PASS,"[0,0]","[0,0.0035]","Connected extent stays inside the seal."
Orthogonal_O09_P35_T120_f050,aging_monotonicity,REVIEW,PASS,"0",">=-1e-8","Scientific trend check, not a completion invariant."
Orthogonal_O09_P35_T120_f050,phase_percentile_monotonicity,REVIEW,PASS,"0",">=-1e-8","Large decreases require an irreversibility review."
Orthogonal_O09_P35_T120_f050,screening_monotonicity,REVIEW,PASS,"0",">=-1e-8","The maximum of irreversible components should not materially decrease."
CAMPAIGN,canonical_csv_schema,HARD,PASS,"Study,Label,Folder,File,TimeDays,SpanningDegradationPath,FluidAvg,FluidMax,AgingAvg,AgingMax,FatigueMax,Cycles,ConnectedDegradationExtentMm,ScreeningIndex,PhaseP99,FatigueP99,AgingP99,TimeScreening07Days,TimeScreening1Days,TimePhaseP99OneDays,FatigueMeanIP,FatigueP95IP,FatigueP999IP,FatigueFracGt05IP,FatigueFracGt07IP,FatigueFracGt09IP","explicit phase/screening names and no crack/failure aliases","Submission-facing CSV uses current physical terminology."
CAMPAIGN,canonical_csv_order,HARD,PASS,"Grid_G18x26,Grid_G28x40,Grid_G40x56,LengthScale_lh2.0,LengthScale_lh3.0,LengthScale_lh4.0,LengthScale_lh5.0,Orthogonal_O01_P21_T080_f020,Orthogonal_O02_P21_T100_f050,Orthogonal_O03_P21_T120_f100,Orthogonal_O04_P28_T080_f050,Orthogonal_O05_P28_T100_f100,Orthogonal_O06_P28_T120_f020,Orthogonal_O07_P35_T080_f100,Orthogonal_O08_P35_T100_f020,Orthogonal_O09_P35_T120_f050","Grid_G18x26,Grid_G28x40,Grid_G40x56,LengthScale_lh2.0,LengthScale_lh3.0,LengthScale_lh4.0,LengthScale_lh5.0,Orthogonal_O01_P21_T080_f020,Orthogonal_O02_P21_T100_f050,Orthogonal_O03_P21_T120_f100,Orthogonal_O04_P28_T080_f050,Orthogonal_O05_P28_T100_f100,Orthogonal_O06_P28_T120_f020,Orthogonal_O07_P35_T080_f100,Orthogonal_O08_P35_T100_f020,Orthogonal_O09_P35_T120_f050","CSV rows must exactly follow the 16-case manifest."
CAMPAIGN,canonical_csv_values,HARD,PASS,"bad=,maxError=4.36557e-10","MAT-derived canonical table within relative 1e-10","Tables and endpoint figures must share the same canonical CSV values."
